Number of vertices ;Diameter;Edge connectivity;Matching number;Radius;Largest L-eigenvalue ;Second largest Eigenvalue;Smallest Eigenvalue;Girth;Chromatic Index
30;6;3;15;5;5.61991;2.67718;-2.61991;5;1
30;6;3;15;4;5.61533;2.73187;-2.61533;4;1
30;6;3;15;4;5.62705;2.75753;-2.62705;5;1
30;6;3;15;4;5.62997;2.75768;-2.62997;5;1
30;5;3;15;4;5.57093;2.62085;-2.57093;5;1
30;6;3;15;4;5.74034;2.59078;-2.74034;5;1
30;5;3;15;4;5.58712;2.57883;-2.58712;5;1
30;6;3;15;4;5.70102;2.59702;-2.70102;5;1
30;5;3;15;4;5.70365;2.62844;-2.70365;5;1
30;6;3;15;4;5.5746;2.6506;-2.5746;5;1
30;6;3;15;5;5.71271;2.76766;-2.71271;5;1
30;6;3;15;4;5.57879;2.75694;-2.57879;5;1
30;6;3;15;4;5.70337;5.74856;-2.70337;5;1
30;6;3;15;4;5.70434;2.75103;-2.70434;5;1
30;7;3;15;4;5.76526;2.77422;-2.76526;5;1
30;6;3;15;4;5.66218;2.75789;-2.66218;4;1
30;6;3;15;4;5.65881;2.76379;-2.65881;5;1
30;6;3;15;4;5.62774;2.74681;-2.62774;5;1
30;6;3;15;4;5.57394;2.74705;-2.57394;5;1
30;6;3;15;4;5.63083;2.74682;-2.63083;5;1
30;6;3;15;4;5.67834;2.74377;-2.67834;4;1
30;6;3;15;4;5.6777;2.74411;-2.6777;4;1
30;6;3;15;4;5.68888;2.74404;-2.68888;4;1
30;6;3;15;4;5.70476;2.74851;-2.70476;5;1
30;6;3;15;4;5.70433;2.7485;-2.70433;5;1
30;6;3;15;4;5.6825;2.76772;-2.6825;4;1
30;6;3;15;4;5.68886;2.75899;-2.68886;4;1
30;6;3;15;4;5.63378;2.75817;-2.63378;5;1
30;6;3;15;4;5.63874;2.75816;-2.63874;5;1
30;6;3;15;4;5.59959;2.65912;-2.59959;5;1
30;7;3;15;4;5.63643;2.78127;-2.63643;5;1
30;6;3;15;4;5.63787;2.7515;-2.63787;5;1
30;6;3;15;4;5.60828;2.66516;-2.60828;5;1
30;6;3;15;4;5.6593;2.61629;-2.6593;5;1
30;4;3;15;4;5.83;2.562;-2.583;6;1
30;6;3;15;5;5.696;2.65;-2.696;5;1
30;6;3;15;4;5.574;2.632;-2.574;5;1
30;6;3;15;4;5.75;2.67;-2.75;5;1
30;6;3;15;4;5.528;2.632;-2.528;5;1
30;6;3;15;4;5.663;2.64;-2.663;5;1
30;6;3;15;4;5.685;2.628;-2.685;5;1
30;6;3;15;4;5.582;2.698;-2.582;5;1
30;6;3;15;4;5.568;2.688;-2.568;5;1
30;6;3;15;4;5.579;2.686;-2.579;5;1
30;6;3;15;4;5.68;2.622;-2.68;5;1
30;6;3;15;4;5.552;2.601;-2.552;5;1
30;6;3;15;5;5.804;2.691;-2.804;5;1
30;6;3;15;4;5.714;2.697;-2.714;5;1
30;6;3;15;5;5.648;2.675;-2.648;5;1
30;6;3;15;4;5.748;2.706;-2.748;5;1
30;6;3;15;4;5.689;2.689;-2.689;5;1
30;5;3;15;5;5.612;2.678;-2.612;5;1
30;6;3;15;4;5.671;2.669;-2.671;5;1
30;6;3;15;4;5.678;2.688;-2.678;5;1
30;6;3;15;4;5.574;2.704;-2.574;5;1
30;6;3;15;5;5.709;2.691;-2.709;5;1
30;6;3;15;4;5.51;2.697;-2.51;5;1
30;6;3;15;5;5.531;2.699;-2.531;5;1
30;6;3;15;4;5.568;2.689;-2.568;5;1
30;6;3;15;4;5.765;2.63;-2.765;5;1
30;6;3;15;4;5.739;2.698;-2.739;5;1
30;6;3;15;4;5.764;2.618;-2.764;5;1
30;6;3;15;4;5.681;2.587;-2.681;5;1
30;6;3;15;4;5.544;2.663;-2.544;5;1
30;6;3;15;4;5.532;2.621;-2.532;5;1
30;6;3;15;5;5.557;2.632;-2.557;5;1
30;6;3;15;5;5.696;2.667;-2.696;5;1
30;6;3;15;4;5.619;2.629;-2.619;5;1
30;6;3;15;4;5.75;2.625;-2.75;5;1
30;6;3;15;4;5.625;2.639;-2.625;5;1
30;6;3;15;4;5.679;2.637;-2.679;5;1
30;6;3;15;4;5.612;2.622;-2.612;5;1
30;5;3;15;4;5.608;2.67;-2.608;5;1
30;6;3;15;4;5.693;2.631;-2.693;5;1
30;6;3;15;4;5.766;2.639;-2.766;5;1
30;6;3;15;4;5.752;2.635;-2.752;5;1
30;6;3;15;4;5.682;2.66;-2.682;5;1
30;6;3;15;5;5.666;2.683;-2.666;5;1
30;6;3;15;5;5.689;2.699;-2.689;5;1
30;6;3;15;4;5.662;2.663;-2.662;5;1
30;6;3;15;4;5.558;2.62;-2.558;5;1
30;6;3;15;4;5.66;2.614;-2.66;5;1
30;6;3;15;4;5.608;2.637;-2.608;5;1
30;6;3;15;4;5.708;2.634;-2.708;5;1
30;6;3;15;4;5.696;2.618;-2.696;5;1
30;5;3;15;4;5.596;2.656;-2.596;5;1
30;6;3;15;5;5.662;2.645;-2.662;5;1
30;6;3;15;4;5.516;2.617;-2.516;5;1
30;6;3;15;4;5.575;2.628;-2.575;5;1
30;5;3;15;4;5.526;2.631;-2.526;5;1
30;6;3;15;4;5.669;2.635;-2.669;5;1
30;6;3;15;4;5.66;2.598;-2.66;5;1
30;6;3;15;4;5.695;2.618;-2.695;5;1
30;6;3;15;4;5.541;2.616;-2.541;5;1
30;5;3;15;4;5.776;2.656;-2.776;5;1
30;6;3;15;4;5.544;2.632;-2.544;5;1
30;6;3;15;4;5.538;2.62;-2.538;5;1
30;6;3;15;4;5.616;2.602;-2.616;5;1
30;6;3;15;4;5.689;2.694;-2.689;5;1
30;6;3;15;4;5.764;2.619;-2.764;5;1
30;6;3;15;4;5.741;2.691;-2.741;5;1
30;6;3;15;4;5.69;2.688;-2.69;5;1
30;5;3;15;5;5.571;2.649;-2.571;5;1
30;6;3;15;4;5.675;2.602;-2.675;5;1
30;6;3;15;4;5.607;2.69;-2.607;5;1
30;6;3;15;4;5.567;2.694;-2.567;5;1
30;6;3;15;4;5.686;2.607;-2.686;5;1
30;6;3;15;5;5.569;2.603;-2.569;5;1
30;6;3;15;5;5.661;2.629;-2.661;5;1
30;5;3;15;5;5.565;2.666;-2.565;5;1
30;6;3;15;4;5.681;2.61;-2.681;5;1
30;6;3;15;5;5.58;2.68;-2.58;5;1
30;6;3;15;4;5.681;2.601;-2.681;5;1
30;6;3;15;4;5.679;2.676;-2.679;5;1
30;6;3;15;4;5.693;2.676;-2.693;5;1
30;6;3;15;4;5.666;2.677;-2.666;5;1
30;6;3;15;4;5.546;2.61;-2.546;5;1
30;6;3;15;4;5.705;2.628;-2.705;5;1
30;6;3;15;4;5.609;2.618;-2.609;5;1
30;6;3;15;4;5.492;2.674;-2.492;5;1
30;6;3;15;4;5.538;2.672;-2.538;5;1
30;6;3;15;4;5.525;2.673;-2.525;5;1
30;6;3;15;4;5.632;2.681;-2.632;5;1
30;6;3;15;4;5.578;2.66;-2.578;5;1
30;6;3;15;4;5.752;2.604;-2.752;5;1
30;6;3;15;4;5.689;2.597;-2.689;5;1
30;6;3;15;4;5.688;2.584;-2.688;5;1
30;6;3;15;4;5.622;2.584;-2.622;5;1
30;6;3;15;5;5.624;2.646;-2.624;5;1
30;6;3;15;4;5.633;2.607;-2.633;5;1
30;6;3;15;4;5.716;2.631;-2.716;5;1
30;5;3;15;4;5.66;2.587;-2.66;5;1
30;6;3;15;4;5.567;2.622;-2.567;5;1
30;6;3;15;4;5.66;2.66;-2.66;5;1
30;6;3;15;4;5.608;2.607;-2.608;5;1
30;6;3;15;4;5.669;2.61;-2.669;5;1
30;6;3;15;4;5.714;2.682;-2.714;5;1
30;5;3;15;4;5.779;2.67;-2.779;5;1
30;6;3;15;4;5.539;2.628;-2.539;5;1
30;6;3;15;4;5.546;2.628;-2.546;5;1
30;6;3;15;4;5.679;2.628;-2.679;5;1
30;6;3;15;4;5.843;2.636;-2.843;5;1
30;10;1;14;5;5.912;2.954;-2.912;3;1
30;10;1;14;5;5.861;2.95;-2.861;3;1
30;9;1;14;5;5.861;2.946;-2.861;3;1
30;9;1;14;5;5.732;2.934;-2.732;3;1
30;10;1;14;5;5.854;2.944;-2.854;4;1
30;10;1;14;5;5.912;2.953;-2.912;3;1
30;10;1;14;6;5.955;2.957;-2.955;3;1
30;10;1;14;5;5.939;2.955;-2.939;3;1
30;9;1;14;5;5.912;2.948;-2.912;3;1
30;9;2;15;6;5.367;2.92;-2.367;3;1
30;6;3;15;5;5.603;2.682;-2.603;5;1
30;9;2;15;5;5.481;2.92;-2.481;5;1
30;5;3;15;5;5.5;2.562;-2;3;1
30;5;3;15;5;5.514;2.732;-2.514;5;1
30;7;2;15;5;5.554;2.873;-2.554;5;1
30;7;2;15;5;5.535;2.857;-2.535;5;1
30;7;2;15;5;5.514;2.881;-2.514;5;1
30;7;2;15;5;5.456;2.851;-2.456;5;1
30;6;3;15;5;5.514;2.77;-2.514;5;1
30;7;3;15;5;5.532;2.797;-2.532;5;1
30;7;3;15;3;5.54;2.795;-2.54;5;1
30;7;2;15;5;5.469;2.895;-2.469;5;1
30;7;2;15;7;5.433;2.851;-2.433;5;1
30;9;2;15;6;5.367;2.92;-2.367;3;1
30;7;2;15;4;5.521;2.884;-2.521;3;1
30;9;2;15;7;5.521;2.88;-2.521;3;1
30;9;2;15;5;5.481;2.92;-2.481;3;1
30;7;2;15;5;5.456;2.851;-2.456;3;1
30;9;2;15;5;5.535;2.909;-2.535;3;1
30;10;2;15;7;5.373;2.912;-2.373;3;1
30;9;2;15;7;5.535;2.909;-2.535;3;1
30;7;2;15;5;5.514;2.881;-2.514;3;1
30;8;2;15;8;5.856;2.899;-2.856;3;1
30;8;2;15;8;5.38;2.902;-2.38;3;1
30;9;2;15;8;5.51;2.897;-2.51;3;1
30;8;2;15;8;5.374;2.906;-2.374;3;1
30;7;2;15;5;5.469;2.895;-2.469;3;1
30;8;2;15;8;5.405;2.905;-2.405;3;1
30;9;2;15;8;5.513;2.906;-2.513;3;1
30;7;2;15;6;5.53;2.864;-2.53;3;1
30;7;2;15;6;5.529;2.851;-2.529;3;1
30;7;2;15;6;5.424;2.852;-2.424;3;1
30;7;2;15;7;5.414;2.859;-2.414;3;1
30;7;2;15;6;5.509;2.851;-2.509;3;1
30;9;2;15;7;5.414;2.891;-2.414;3;1
30;5;2;15;4;6.833;2.274;-2.98;4;1
30;9;2;15;7;5.414;2.891;-2.414;3;1
30;9;2;15;7;5.535;2.909;-2.535;3;1
30;7;2;15;7;5.433;2.851;-2.433;3;1
30;9;2;15;5;5.535;2.909;-2.535;3;1
30;7;2;15;7;5.562;2.851;-2.562;3;1
30;7;2;15;5;5.535;2.857;-2.535;3;1
30;7;2;15;6;5.509;2.851;-2.509;3;1
30;7;2;15;7;5.414;2.859;-2.414;3;1
30;7;2;15;6;5.529;2.851;-2.529;3;1
30;7;2;15;6;5.424;2.852;-2.424;3;1
30;7;2;15;7;5.414;2.865;-2.414;3;1
30;7;2;15;6;5.535;2.866;-2.535;3;1
30;7;2;15;6;5.414;2.865;-2.414;3;1
30;7;2;15;6;5.852;2.865;-2.852;3;1
30;9;2;15;5;5.513;2.906;-2.513;3;1
30;8;2;15;4;5.492;2.897;-2.492;3;1
30;8;2;15;5;5.46;2.902;-2.46;3;1
30;8;2;15;5;5.46;2.902;-2.46;3;1
30;8;2;15;5;5.384;2.906;-2.384;3;1
30;8;2;15;5;5.41;2.905;-2.41;3;1
30;8;2;15;5;5.384;2.906;-2.384;3;1
30;9;2;15;5;5.519;2.906;-2.519;3;1
30;8;2;15;5;5.386;2.906;-2.386;3;1
30;8;2;15;5;5.855;2.906;-2.855;3;1
30;9;2;15;5;5.481;2.92;-2.481;3;1
30;9;2;15;5;5.414;2.909;-2.414;3;1
30;7;2;15;5;5.514;2.881;-2.514;3;1
30;9;2;15;5;5.514;2.912;-2.514;3;1
30;10;2;15;5;5.414;2.912;-2.414;3;1
30;7;2;15;7;5.433;2.851;-2.433;3;1
30;9;2;15;7;5.521;2.88;-2.521;3;1
30;7;2;15;5;5.554;2.873;-2.554;3;1
30;7;2;15;6;5.414;2.872;-2.414;3;1
30;9;2;15;7;5.535;2.909;-2.535;3;1
30;7;3;15;4;5.513;2.769;-2.513;3;1
30;6;3;15;5;5.414;2.765;-2.414;3;1
30;6;3;15;5;5.414;2.745;-2.414;3;1
30;7;3;15;5;5.431;2.765;-2.431;3;1
30;7;3;15;4;5.507;2.769;-2.507;3;1
30;9;2;15;8;5.513;2.906;-2.513;3;1
30;8;2;15;8;5.374;2.906;-2.374;3;1
30;9;2;15;8;5.519;2.906;-2.519;3;1
30;8;2;15;8;5.386;2.906;-2.386;3;1
30;8;2;15;8;5.405;2.905;-2.405;3;1
30;8;2;15;8;5.374;2.906;-2.374;3;1
30;9;2;15;8;5.51;2.897;-2.51;3;1
30;8;2;15;8;5.38;2.902;-2.38;3;1
30;8;2;15;8;5.848;2.906;-2.848;3;1
30;8;2;15;8;5.856;2.899;-2.586;3;1
30;9;2;15;7;5.38;2.909;-2.38;3;1
30;9;2;15;6;5.367;2.92;-2.367;3;1
30;9;2;15;6;5.367;2.92;-2.367;3;1
30;9;2;15;5;5.514;2.912;-2.514;3;1
30;7;2;15;4;5.521;2.884;-2.521;3;1
30;8;2;15;4;5.492;2.897;-2.492;3;1
30;9;2;15;5;5.513;2.906;-2.513;3;1
30;8;2;15;5;5.46;2.902;-2.46;3;1
30;8;2;15;5;5.41;2.905;-2.41;3;1
30;8;2;15;5;5.384;2.906;-2.384;3;1
30;7;2;15;6;5.53;2.864;-2.53;3;1
30;7;2;15;6;5.414;2.863;-2.414;3;1
30;7;2;15;7;5.414;2.865;-2.414;3;1
30;5;3;15;4;5.75045;2.24436;-2.75045;7;0
30;5;3;15;4;5.74987;2.24408;-2.74987;7;0
30;5;3;15;4;5.62511;2.23607;-2.62511;7;0
30;5;3;15;4;5.62511;2.23607;-2.62511;7;0
30;5;3;15;4;5.6364;2.23607;-2.6364;7;0
30;5;3;15;4;5.69267;2.28459;-2.69267;7;0
30;5;3;15;4;5.62882;2.28176;-2.62882;7;0
30;5;3;15;4;5.60761;2.28325;-2.60761;7;0
30;5;3;15;4;5.75569;2.24115;-2.75569;7;0
30;5;3;15;4;5.75632;2.24146;-2.75632;7;0
30;5;3;15;4;5.71364;2.24154;-2.71364;7;0
30;5;3;15;4;5.69661;2.25074;-2.69661;7;0
30;5;3;15;4;5.69636;2.24389;-2.69636;7;0
30;5;3;15;4;5.72619;2.24279;-2.72619;7;0
30;5;3;15;4;5.72622;2.24268;-2.72622;7;0
30;5;3;15;4;5.72199;2.22942;-2.72199;7;0
30;5;3;15;4;5.75512;2.22582;-2.75512;7;0
30;5;3;15;4;5.75371;2.22614;-2.75371;7;0
30;5;3;15;4;5.72243;2.19719;-2.72243;7;0
30;5;3;15;4;5.64244;2.2835;-2.64244;7;0
30;5;3;15;4;5.62577;2.27558;-2.62577;7;0
30;5;3;15;4;5.61803;2.2782;-2.61803;7;0
30;5;3;15;4;5.62953;2.26475;-2.62953;7;0
30;5;3;15;4;5.64884;2.26497;-2.64884;7;0
30;5;3;15;4;5.61744;2.26591;-2.61744;7;0
30;5;3;15;4;5.69644;2.228;-2.69644;7;0
30;5;3;15;4;5.70236;2.23931;-2.70236;7;0
30;5;3;15;4;5.62763;2.25929;-2.62763;7;0
30;5;3;15;4;5.61862;2.25915;-2.61862;7;0
30;5;3;15;4;5.68265;2.26556;-2.68265;7;0
30;5;3;15;4;5.6398;2.25926;-2.6398;7;0
30;5;3;15;4;5.6428;2.25913;-2.6428;7;0
30;5;3;15;4;5.71768;2.24061;-2.71768;7;0
30;5;3;15;4;5.71001;2.21755;-2.71001;7;0
30;5;3;15;4;5.69942;2.25108;-2.69942;7;0
30;5;3;15;4;5.60062;2.25365;-2.60062;7;0
30;5;3;15;4;5.60551;2.25365;-2.60551;7;0
30;5;3;15;4;5.70484;2.21157;-2.70484;7;0
30;5;3;15;4;5.62511;2.20392;-2.62511;7;0
30;4;3;15;4;5.62511;2.20392;-2.62511;7;0
30;5;3;15;4;5.62523;2.28594;-2.62523;7;0
30;5;3;15;4;5.71794;2.2603;-2.71794;7;0
30;5;3;15;4;5.63498;2.26199;-2.63498;7;0
30;5;3;15;4;5.6872;2.26236;-2.6872;7;0
30;5;3;15;4;5.65479;2.20925;-2.65479;7;0
30;5;3;15;4;5.78283;2.20472;-2.78283;7;0
30;5;3;15;4;5.62823;2.20572;-2.62823;7;0
30;5;3;15;4;5.69486;2.18146;-2.69486;7;0
30;5;3;15;4;5.62809;2.26634;-2.62809;7;0
30;5;3;15;4;5.60944;2.28349;-2.60944;7;0
30;5;3;15;4;5.76907;2.28255;-2.76907;7;0
30;5;3;15;4;5.61803;2.2746;-2.61803;7;0
30;5;3;15;4;5.61803;2.28255;-2.61803;7;0
30;5;3;15;4;5.72021;2.28354;-2.72021;7;0
30;5;3;15;4;5.59058;2.2746;-2.59058;7;0
30;5;3;15;4;5.64213;2.29901;-2.64213;7;0
30;5;3;15;4;5.61803;2.23607;-2.61803;7;0
30;5;3;15;4;5.74801;2.1959;-2.74801;7;0
30;5;3;15;4;5.76907;2.23607;-2.76907;7;0
30;5;3;15;4;5.66862;2.22399;-2.66862;7;0
30;5;3;15;4;5.6348;2.2619;-2.6348;7;0
30;5;3;15;4;5.73486;2.23877;-2.73486;7;0
30;5;3;15;4;5.71223;2.23853;-2.71223;7;0
30;5;3;15;4;5.59678;2.27077;-2.59678;7;0
30;5;3;15;4;5.60835;2.26139;-2.60835;7;0
30;5;3;15;4;5.61009;2.29748;-2.61009;7;0
30;5;3;15;4;5.66287;2.20191;-2.66287;7;0
30;4;3;15;4;5.63489;2.18933;-2.63489;7;0
30;5;3;15;4;5.73479;2.23222;-2.73479;7;0
30;5;3;15;4;5.70837;2.18322;-2.70837;7;0
30;5;3;15;4;5.66291;2.18583;-2.66291;7;0
30;5;3;15;4;5.6582;2.22629;-2.6582;7;0
30;5;3;15;4;5.78293;2.18322;-2.78293;7;0
30;5;3;15;4;5.64447;2.26437;-2.64447;7;0
30;5;3;15;4;5.65657;2.26526;-2.65657;7;0
30;5;3;15;4;5.58018;2.31381;-2.58018;7;0
30;5;3;15;4;5.64169;2.26356;-2.64169;7;0
30;5;3;15;4;5.63807;2.28484;-2.63807;7;0
30;5;3;15;4;5.6414;2.26062;-2.6414;7;0
30;5;3;15;4;5.67879;2.26177;-2.67879;7;0
30;5;3;15;4;5.58891;2.25933;-2.58891;7;0
30;5;3;15;4;5.65548;2.26457;-2.65548;7;0
30;5;3;15;4;5.62558;2.25628;-2.62558;7;0
30;5;3;15;4;5.69543;2.26514;-2.69543;7;0
30;5;3;15;4;5.62475;2.26078;-2.62475;7;0
30;5;3;15;4;5.65395;2.25634;-2.65395;7;0
30;5;3;15;4;5.65502;2.25928;-2.65502;7;0
30;5;3;15;4;5.65583;2.26066;-2.65583;7;0
30;5;3;15;4;5.67414;2.27514;-2.67414;7;0
30;5;3;15;4;5.67605;2.26455;-2.67605;7;0
30;5;3;15;4;5.6013;2.25215;-2.6013;7;0
30;5;3;15;4;5.5567;2.2333;-2.5567;7;0
30;5;3;15;4;5.61978;2.24005;-2.61978;7;0
30;5;3;15;4;5.60159;2.25296;-2.60159;7;0
30;5;3;15;4;5.58954;2.23871;-2.58954;7;0
30;5;3;15;4;5.57155;2.22627;-2.57155;7;0
30;5;3;15;4;5.70946;2.21727;-2.70946;7;0
30;4;3;15;4;5.64165;2.20007;-2.64165;7;0
30;5;3;15;5;6;2.497;-3;6;0
30;6;3;15;5;5.485;2.702;-2.485;5;0
30;6;3;15;4;5.604;2.681;-2.604;5;0
30;7;3;15;5;5.816;2.793;-2.816;4;0
30;4;3;15;4;6;2;-3;8;0
30;5;3;15;5;6;2.303;-3;6;0
30;7;3;15;5;5.794;2.788;-2.794;4;0
30;7;3;15;4;5.562;2.715;-2.562;5;0
30;6;3;15;4;5.547;2.661;-2.547;5;0
30;7;3;15;5;5.795;2.791;-2.795;4;0
30;5;3;15;4;5.707;2.596;-2.707;4;0
30;6;3;15;4;5.645;2.697;-2.645;5;0
30;6;3;15;5;5.772;2.615;-2.772;4;0
30;7;3;15;5;5.806;2.791;-2.806;4;0
30;6;3;15;5;5.562;2.669;-2.562;5;0
30;5;3;15;5;5.78;2.616;-2.78;4;0
30;6;3;15;4;5.598;2.684;-2.598;5;0
30;6;3;15;4;5.538;2.644;-2.538;5;0
30;7;3;15;5;5.834;2.786;-2.834;4;0
30;6;3;15;5;5.434;2.647;-2.434;5;0
30;5;3;15;4;5.795;2.624;-2.795;4;0
30;7;3;15;4;5.79;2.786;-2.79;4;0
30;7;3;15;5;5.772;2.814;-2.772;4;0
30;6;3;15;5;5.681;2.723;-2.681;4;0
30;7;3;15;5;5.809;2.793;-2.809;4;0
30;5;3;15;5;5.508;2.611;-2.508;5;0
30;6;3;15;4;5.5;2.624;-2.5;5;0
30;6;3;15;4;5.501;2.6;-2.501;5;0
30;7;3;15;5;5.84;2.791;-2.84;4;0
30;6;3;15;4;5.506;2.708;-2.506;5;0
30;7;3;15;4;5.539;2.714;-2.539;5;0
30;6;3;15;6;5.496;2.751;-2.496;5;0
30;7;3;15;4;5.671;2.816;-2.671;4;0
30;5;3;15;4;5.575;2.591;-2.575;5;0
30;7;3;15;4;5.781;2.805;-2.781;4;0
30;5;3;15;4;5.591;2.636;-2.591;5;0
30;6;3;15;5;5.453;2.686;-2.453;5;0
30;7;3;15;4;5.802;2.801;-2.802;4;0
30;7;3;15;5;5.772;2.791;-2.772;4;0
30;6;3;15;4;5.51;2.65;-2.51;5;0
30;6;3;15;4;5.49;2.626;-2.49;5;0
30;7;3;15;5;5.804;2.802;-2.804;4;0
30;5;3;15;4;5.516;2.592;-2.516;5;0
30;6;3;15;5;5.452;2.631;-2.452;5;0
30;7;3;15;4;5.793;2.786;-2.793;4;0
30;7;3;15;5;5.794;2.788;-2.794;4;0
30;6;3;15;5;5.779;2.631;-2.779;4;0
30;7;3;15;5;5.809;2.788;-2.809;4;0
30;6;3;15;4;5.575;2.675;-2.575;5;0
30;7;3;15;5;5.795;2.805;-2.795;4;0
30;6;3;15;5;5.823;2.751;-2.823;4;0
30;7;3;15;4;5.536;2.715;-2.536;5;0
30;7;3;15;5;5.788;2.802;-2.788;4;0
30;6;3;15;5;5.843;2.718;-2.843;4;0
30;6;3;15;5;5.442;2.62;-2.442;5;0
30;7;3;15;5;5.823;2.792;-2.823;4;0
30;5;3;15;4;5.525;2.613;-2.525;5;0
30;6;3;15;5;5.841;2.757;-2.841;4;0
30;7;3;15;6;5.843;2.79;-2.843;4;0
30;7;3;15;5;5.804;2.79;-2.804;4;0
30;7;3;15;5;5.781;2.802;-2.781;4;0
30;7;3;15;4;5.801;2.801;-2.801;4;0
30;7;3;15;5;5.838;2.788;-2.838;4;0
30;7;3;15;5;5.809;2.788;-2.809;4;0
30;6;3;15;5;5.63;2.682;-2.63;4;0
30;7;3;15;4;5.808;2.786;-2.808;4;0
30;7;3;15;4;5.806;2.786;-2.806;4;0
30;6;3;15;5;5.761;2.709;-2.761;4;0
30;6;3;15;5;5.826;2.777;-2.826;4;0
30;7;3;15;5;5.795;2.772;-2.795;4;0
30;6;3;15;5;5.809;2.751;-2.809;4;0
30;7;3;15;6;5.804;2.804;-2.804;4;0
30;6;3;15;5;5.826;2.777;-2.826;4;0
30;5;3;15;5;5.707;2.6;-2.707;4;0
30;7;3;15;5;5.804;2.792;-2.804;4;0
30;6;3;15;4;5.536;2.684;-2.536;5;0
30;6;3;15;4;5.564;2.671;-2.564;5;0
30;6;3;15;5;5.804;2.762;-2.804;4;0
30;6;3;15;4;5.524;2.679;-2.524;5;0
30;6;3;15;5;5.618;2.655;-2.618;4;0
30;6;3;15;5;5.489;2.691;-2.489;5;0
30;7;3;15;5;5.814;2.792;-2.814;4;0
30;6;3;15;5;5.781;2.758;-2.781;4;0
30;6;3;15;4;5.519;2.707;-2.519;5;0
30;7;3;15;5;5.84;2.791;-2.84;4;0
30;6;3;15;5;5.831;2.783;-2.831;4;0
30;7;3;15;5;5.809;2.792;-2.809;4;0
30;7;3;15;4;5.779;2.805;-2.779;4;0
30;6;3;15;5;5.668;2.615;-2.668;5;0
30;7;3;15;5;5.835;2.783;-2.835;4;0
30;7;3;15;5;5.836;2.786;-2.836;4;0
30;6;3;15;4;5.578;2.632;-2.578;5;0
30;6;3;15;5;5.681;2.723;-2.681;4;0
30;7;3;15;4;5.645;2.706;-2.645;5;0
30;6;3;15;4;5.795;2.636;-2.795;4;0
30;6;3;15;4;5.631;2.648;-2.631;4;0
30;6;3;15;5;5.712;2.705;-2.712;4;0
30;6;3;15;5;5.712;2.699;-2.712;4;0
30;6;3;15;4;5.704;2.676;-2.704;4;0
30;5;3;15;4;5.526;2.688;-2.526;5;0
30;6;3;15;4;5.717;2.674;-2.717;4;0
30;6;3;15;4;5.682;2.636;-2.682;4;0
30;6;3;15;4;5.718;2.674;-2.718;4;0
30;6;3;15;5;5.633;2.671;-2.633;4;0
30;6;3;15;5;5.629;2.68;-2.629;4;0
30;7;3;15;5;5.682;2.74;-2.682;4;0
30;6;3;15;4;5.755;2.722;-2.755;4;0
30;6;3;15;5;5.622;2.73;-2.622;4;0
30;6;3;15;5;5.654;2.705;-2.654;4;0
30;6;3;15;5;5.522;2.544;-2.522;5;0
30;8;2;15;6;5.521;2.819;-2.521;3;0
30;6;3;15;5;5.559;2.599;-2.559;5;0
30;9;2;15;7;5.521;2.88;-2.521;3;0
30;9;2;15;5;5.414;2.909;-2.414;3;0
30;8;2;15;5;5.855;2.906;-2.855;3;0
30;9;2;15;5;5.519;2.906;-2.519;3;0
30;8;2;15;5;5.384;2.906;-2.384;3;0
30;8;2;15;4;5.492;2.897;-2.492;3;0
30;8;2;15;5;5.46;2.902;-2.46;3;0
30;9;2;15;5;5.481;2.92;-2.481;3;0
30;8;2;15;5;5.386;2.906;-2.386;3;0
30;5;3;15;4;5.628;2.266;-2.628;7;0
30;9;2;15;7;5.535;2.909;-2.535;3;0
30;8;2;15;5;5.514;2.833;-2.514;3;0
30;9;2;15;6;5.369;2.834;-2.369;3;0
30;8;2;15;6;5.854;2.814;-2.854;3;0
30;8;2;15;6;5.38;2.814;-2.38;3;0
30;9;2;15;6;5.51;2.816;-2.51;3;0
30;8;2;15;6;5.361;2.793;-2.361;3;0
30;10;2;15;7;5.373;2.912;-2.373;3;0
30;7;2;15;4;5.521;2.884;-2.521;3;0
30;9;2;15;7;5.414;2.891;-2.414;3;0
30;9;2;15;6;5.367;2.92;-2.367;3;0
30;9;2;15;7;5.38;2.909;-2.38;3;0
30;8;2;15;8;5.856;2.899;-2.856;3;0
30;8;2;15;8;5.848;2.906;-2.848;3;0
30;8;2;15;8;5.374;2.906;-2.374;3;0
30;8;2;15;8;5.386;2.906;-2.386;3;0
30;9;2;15;8;5.519;2.906;-2.519;3;0
30;8;2;15;8;5.38;2.902;-2.38;3;0
30;9;2;15;8;5.51;2.897;-2.51;3;0
30;7;2;15;7;5.433;2.851;-2.433;3;0
30;9;2;15;5;5.535;2.909;-2.535;3;0
30;9;2;15;5;5.514;2.912;-2.514;3;0
30;10;2;15;5;5.414;2.912;-2.414;3;0
30;8;3;15;8;6;2.827;-3;4;0
30;6;3;15;6;6;2.604;-3;6;0
30;8;3;15;8;5.956;2.827;-2.956;4;0
30;5;3;15;5;5.618;2.303;-2.618;5;0
30;6;3;15;5;5.646;2.646;-2.646;5;0
30;5;3;15;5;6;2.288;-3;6;0
30;5;3;15;5;5.618;2.236;-2.618;7;0
30;5;3;15;5;6;2.497;-3;6;0
32;6;3;16;5;5.53749;2.7472;-2.53749;5;1
32;6;3;16;5;5.52983;2.74529;-2.52983;5;1
32;6;3;16;4;5.64197;2.70565;-2.64197;5;1
32;6;3;16;5;5.58478;2.74758;-2.58478;5;1
32;6;3;16;5;5.70121;2.72418;-2.70121;5;1
32;6;3;16;5;5.69089;2.72511;-2.69089;5;1
32;6;3;16;5;5.63382;2.69231;-2.63382;4;1
32;6;3;16;5;5.70131;2.70473;-2.70131;4;1
32;6;3;16;5;5.70855;2.72431;-2.70855;4;1
32;6;3;16;5;5.71074;2.72322;-2.71074;4;1
32;6;3;16;5;5.69349;2.72354;-2.69349;4;1
32;6;3;16;5;5.68631;2.72307;-2.68863;4;1
32;6;3;16;4;5.72311;2.72748;-2.72311;4;1
32;6;3;16;4;5.80831;2.72731;-2.80831;4;1
32;6;3;16;4;5.74831;2.72801;-2.74831;4;1
32;6;3;16;4;5.73741;2.72751;-2.73741;5;1
32;6;3;16;4;5.69933;2.70589;-2.69933;4;1
32;6;3;16;4;5.65997;2.70587;-2.65997;4;1
32;6;3;16;5;5.69871;2.7138;-2.69871;4;1
32;6;3;16;4;5.66743;2.73135;-2.66743;4;1
32;6;3;16;4;5.64112;2.72661;-2.64112;5;1
32;6;3;16;4;5.63855;2.7266;-2.63855;5;1
32;6;3;16;5;5.7008;2.72451;-2.7008;4;1
32;6;3;16;5;5.71469;2.72379;-2.71469;4;1
32;6;3;16;5;5.68347;2.72357;-2.68347;5;1
32;6;3;16;5;5.70545;2.72361;-2.70545;4;1
32;6;3;16;4;5.64257;2.72976;-2.64257;5;1
32;6;3;16;4;5.67737;2.72954;-2.67737;4;1
32;6;3;16;4;5.69586;2.72777;-2.69586;4;1
32;6;3;16;4;5.65728;2.72955;-2.65728;4;1
32;6;3;16;4;5.71955;2.73015;-2.71955;4;1
32;6;3;16;4;5.74082;2.73004;-2.74082;4;1
32;6;3;16;4;5.63573;2.72799;-2.63573;4;1
32;6;3;16;4;5.71724;2.72974;-2.71724;4;1
32;6;3;16;4;5.70552;2.72787;-2.70552;5;1
32;6;3;16;4;5.72514;2.7282;-2.72514;4;1
32;6;3;16;4;5.74474;2.72964;-2.74474;4;1
32;6;3;16;5;5.70488;2.72356;-2.70488;5;1
32;6;3;16;5;5.63657;2.73408;-2.63657;5;1
32;6;3;16;5;5.61211;2.6558;-2.61211;5;1
32;6;3;16;5;5.59003;2.62728;-2.59003;5;1
32;6;3;16;5;5.62894;2.63838;-2.62894;5;1
32;6;3;16;5;5.62458;2.62851;-2.62458;5;1
32;5;3;16;5;5.66528;2.62535;-2.66528;4;1
32;6;3;16;5;5.62536;2.63808;-2.62536;4;1
32;6;3;16;5;5.63937;2.64044;-2.63937;4;1
32;6;3;16;5;5.69485;2.6298;-2.69485;4;1
32;5;3;16;5;5.81092;2.63202;-2.81092;4;1
32;5;3;16;5;5.66404;2.63323;-2.66404;4;1
32;6;3;16;5;5.78666;2.62031;-2.78666;4;1
32;6;3;16;5;5.62732;2.63586;-2.62732;4;1
32;6;3;16;5;5.70165;2.63513;-2.70165;4;1
32;6;3;16;5;5.60474;2.63455;-2.60474;4;1
32;6;3;16;5;5.76409;2.62747;-2.76409;4;1
32;6;3;16;5;5.69211;2.63377;-2.69211;4;1
32;6;3;16;5;5.63299;2.63063;-2.63299;5;1
32;6;3;16;5;5.71013;2.62965;-2.71013;4;1
32;6;3;16;5;5.61106;2.62576;-2.61106;4;1
32;6;3;16;5;5.74607;2.63869;-2.74607;4;1
32;6;3;16;5;5.68695;2.63882;-2.68695;4;1
32;6;3;16;5;5.81271;2.62643;-2.8127;4;1
32;6;3;16;5;5.67136;2.63283;-2.67136;4;1
32;6;3;16;5;5.64731;2.6235;-2.64731;4;1
32;6;3;16;5;5.66676;2.62696;-2.66676;4;1
32;6;3;16;5;5.68321;2.62604;-2.68321;4;1
32;6;3;16;5;5.65298;2.62708;-2.65298;4;1
32;6;3;16;5;5.69473;2.62769;-2.69473;4;1
32;6;3;16;5;5.68902;2.6266;-2.68902;4;1
32;6;3;16;5;5.79846;2.63704;-2.79846;4;1
32;6;3;16;5;5.6425;2.63864;-2.6425;4;1
32;6;3;16;5;5.63518;2.64141;-2.63518;4;1
32;6;3;16;5;5.80414;2.64076;-2.80414;4;1
32;6;3;16;5;5.69735;2.64135;-2.69735;4;1
32;6;3;16;5;5.6121;2.62529;-2.6121;5;1
32;6;3;16;5;5.64485;2.62747;-2.64485;5;1
32;6;3;16;5;5.54544;2.63926;-2.54544;5;1
32;6;3;16;5;5.62922;2.63581;-2.62922;5;1
32;6;3;16;5;5.59931;2.64129;-2.59931;5;1
32;6;3;16;5;5.63937;2.63199;-2.63937;5;1
32;6;3;16;5;5.64064;2.62352;-2.64064;5;1
32;6;3;16;5;5.69464;2.62483;-2.69464;5;1
32;6;3;16;5;5.57731;2.6524;-2.57731;5;1
32;6;3;16;5;5.61403;2.65254;-2.61403;5;1
32;6;3;16;5;5.56718;2.67948;-2.56718;5;1
32;6;3;16;5;5.71892;2.66266;-2.71892;5;1
32;6;3;16;5;5.64714;2.66235;-2.64714;5;1
32;6;3;16;5;5.6909;2.66296;-2.6909;5;1
32;6;3;16;5;5.68094;2.66283;-2.68094;5;1
32;6;3;16;4;5.63519;2.67903;-2.63519;5;1
32;6;3;16;5;5.72083;2.66334;-2.72083;5;1
32;6;3;16;5;5.63206;2.64385;-2.63206;5;1
32;6;3;16;5;5.62302;2.73301;-2.62302;5;1
32;6;3;16;5;5.59723;2.65316;-2.59723;5;1
32;6;3;16;5;5.59502;2.72311;-2.59502;5;1
32;6;3;16;4;5.60368;2.68742;-2.60368;5;1
32;7;3;16;4;5.59985;2.76313;-2.59985;5;1
32;7;3;16;4;5.66158;2.75786;-2.66158;5;1
32;7;3;16;4;5.6383;2.76191;-2.6383;5;1
32;6;3;16;4;5.5237;2.68256;-2.5237;5;1
32;6;3;16;5;5.63623;2.72067;-2.63623;5;1
32;6;3;16;5;5.69838;2.72175;-2.69838;5;1
32;6;3;16;5;5.7033;2.67577;-2.7033;5;1
32;6;3;16;4;5.5826;2.66923;-2.5826;5;1
32;6;3;16;4;5.58572;2.67497;-2.58572;5;1
32;6;3;16;5;5.5469;2.67488;-2.5469;5;1
32;6;3;16;5;5.66962;2.6752;-2.66962;5;1
32;6;3;16;4;5.69681;2.6694;-2.59681;5;1
32;6;3;16;4;5.54636;2.67743;-2.54636;5;1
32;6;3;16;4;5.63804;2.66969;-2.63804;5;1
32;6;3;16;5;5.80515;2.64463;-2.80515;4;1
32;6;3;16;5;5.67189;2.64633;-2.67189;4;1
32;6;3;16;4;5.69164;2.6765;-2.69164;4;1
32;6;3;16;5;5.77212;2.67783;-2.77212;4;1
32;6;3;16;5;5.77821;2.67086;-2.77821;4;1
32;6;3;16;5;5.67258;2.67749;-2.67258;4;1
32;6;3;16;4;5.77885;2.67782;-2.77885;4;1
32;6;3;16;4;5.7338;2.67821;-2.7338;4;1
32;6;3;16;5;5.70981;2.67604;-2.70981;4;1
32;6;3;16;5;5.60864;2.6787;-2.60864;4;1
32;6;3;16;5;5.68143;2.67798;-2.68143;4;1
32;6;3;16;5;5.66329;2.65988;-2.66329;4;1
32;6;3;16;5;5.64721;2.6463;-2.64721;4;1
32;6;3;16;5;5.57647;2.65697;-2.57647;4;1
32;6;3;16;5;5.68003;2.6746;-2.68003;4;1
32;6;3;16;5;5.72648;2.66917;-2.72648;4;1
32;5;3;16;4;5.659;2.603;-2.659;5;1
32;5;3;16;4;5.767;2.603;-2.767;5;1
32;5;3;16;4;5.735;2.624;-2.735;5;1
32;6;3;16;5;5.722;2.654;-2.722;5;1
32;6;3;16;4;5.765;2.686;-2.765;5;1
32;5;3;16;4;5.605;2.538;-2.605;5;1
32;6;3;16;5;5.692;2.663;-2.692;5;1
32;5;3;16;4;5.581;2.622;-2.581;5;1
32;6;3;16;4;5.805;2.629;-2.805;5;1
32;6;3;16;4;5.858;2.626;-2.858;5;1
32;5;3;16;4;5.569;2.614;-2.569;5;1
32;6;3;16;4;5.587;2.688;-2.587;5;1
32;5;3;16;5;5.735;2.63;-2.735;5;1
32;5;3;16;4;5.692;2.605;-2.692;5;1
32;5;3;16;4;5.713;2.605;-2.713;5;1
32;6;3;16;4;5.653;2.686;-2.653;5;1
32;5;3;16;5;5.692;2.621;-2.692;5;1
32;6;3;16;4;5.859;2.629;-2.859;3;1
32;6;3;16;4;5.691;2.538;-2.691;5;1
32;5;3;16;5;5.722;2.605;-2.722;5;1
32;6;3;16;4;5.711;2.688;-2.711;5;1
32;5;3;16;4;5.708;2.614;-2.708;5;1
32;6;3;16;5;5.602;2.664;-2.602;5;1
32;6;3;16;5;5.562;2.654;-2.562;5;1
32;6;3;16;4;5.805;2.626;-2.805;5;1
32;5;3;16;5;5.677;2.639;-2.677;5;1
32;5;3;16;4;5.734;2.624;-2.734;5;1
32;5;3;16;5;5.562;2.605;-2.562;5;1
32;5;3;16;5;5.695;2.639;-2.695;5;1
32;10;1;15;5;5.912;2.953;-2.912;5;1
32;10;1;15;5;5.732;2.946;-2.732;3;1
32;11;1;15;6;5.861;2.955;-2.861;3;1
32;6;3;16;5;5.602;2.726;-2.602;5;1
32;11;1;15;6;5.939;2.961;-2.939;3;1
32;11;1;15;6;5.912;2.958;-2.912;3;1
32;10;1;15;5;5.912;2.955;-2.912;3;1
32;10;1;15;5;5.861;2.95;-2.861;3;1
32;10;1;15;5;5.861;2.952;-2.861;3;1
32;10;1;15;5;5.861;2.948;-2.861;3;1
32;11;1;15;6;5.861;2.95;-2.861;3;1
32;11;1;15;6;5.955;2.961;-2.955;3;1
32;10;1;15;5;5.939;2.956;-2.939;3;1
32;11;1;15;6;5.939;2.96;-2.939;3;1
32;8;2;16;5;5.589;2.877;-2.589;5;1
32;6;3;16;5;5.55;2.736;-2.55;5;1
32;6;3;16;5;5.619;2.711;-2.619;5;1
32;6;3;16;5;5.624;2.748;-2.624;5;1
32;6;3;16;5;5.59;2.717;-2.59;5;1
32;6;3;16;5;5.55;2.693;-2.55;5;1
32;5;3;16;5;5.534;2.686;-2.534;5;1
32;6;3;16;5;5.535;2.717;-2.535;5;1
32;6;3;16;5;5.53;2.706;-2.53;5;1
32;8;2;16;6;5.594;2.863;-2.594;5;1
32;8;2;16;5;5.57;2.902;-2.57;5;1
32;10;2;16;5;5.49;2.93;-2.49;5;1
32;10;2;16;5;5.527;2.929;-2.527;5;1
32;7;2;16;6;5.706;2.859;-2.706;4;1
32;7;2;16;6;5.729;2.862;-2.729;4;1
32;8;2;16;4;5.562;2.88;-2.562;5;1
32;7;3;16;5;5.478;2.803;-2.478;5;1
32;7;3;16;5;5.59;2.796;-2.59;5;1
32;7;3;16;5;5.547;2.803;-2.547;5;1
32;7;3;16;5;5.644;2.791;-2.644;4;1
32;7;2;16;7;5.726;2.866;-2.726;4;1
32;7;2;16;7;5.729;2.878;-2.729;4;1
32;7;2;16;6;5.712;2.878;-2.712;4;1
32;7;2;16;6;5.709;2.861;-2.709;4;1
32;7;2;16;6;5.695;2.881;-2.695;4;1
32;7;3;16;5;5.49;2.822;-2.49;5;1
32;10;2;16;5;5.481;2.935;-2.481;5;1
32;8;2;16;5;5.664;2.892;-2.664;4;1
32;7;2;16;6;5.588;2.887;-2.588;4;1
32;7;3;16;5;5.591;2.819;-2.591;5;1
32;7;3;16;5;5.486;2.834;-2.486;5;1
32;7;3;16;5;5.59;2.825;-2.59;5;1
32;8;2;16;5;5.485;2.895;-2.485;5;1
32;7;3;16;5;5.596;2.83;-2.596;5;1
32;6;3;16;5;5.519;2.773;-2.519;5;1
32;7;3;16;5;5.596;2.807;-2.596;5;1
32;6;3;16;5;5.528;2.801;-2.528;5;1
32;6;3;16;5;5.608;2.801;-2.608;5;1
32;7;2;16;6;5.625;2.869;-2.625;4;1
32;8;2;16;5;5.655;2.875;-2.655;4;1
32;8;2;16;5;5.545;2.894;-2.545;5;1
32;8;2;16;5;5.593;2.883;-2.593;5;1
32;7;2;16;6;5.5;2.865;-2.5;5;1
32;7;3;16;5;5.706;2.805;-2.706;4;1
32;8;2;16;6;5.508;2.901;-2.508;5;1
32;7;3;16;4;5.547;2.826;-2.547;5;1
32;7;2;16;5;5.515;2.864;-2.515;5;1
32;7;3;16;5;5.627;2.796;-2.627;4;1
32;8;2;16;5;5.546;2.871;-2.546;5;1
32;8;2;16;6;5.562;2.88;-2.562;5;1
32;7;3;16;5;5.639;2.82;-2.639;4;1
32;9;2;16;5;5.6;2.917;-2.6;4;1
32;9;2;16;5;5.65;2.92;-2.65;4;1
32;10;2;16;5;5.562;2.921;-2.562;5;1
32;8;2;16;5;5.594;2.874;-2.594;5;1
32;7;2;16;5;5.571;2.864;-2.571;5;1
32;7;3;16;5;5.651;2.837;-2.651;4;1
32;8;2;16;5;5.597;2.887;-2.597;5;1
32;6;2;16;6;5.562;2.856;-2.562;5;1
32;7;3;16;5;5.593;2.84;-2.593;5;1
32;6;2;16;6;5.562;2.856;-2.562;5;1
32;8;2;16;6;5.562;2.88;-2.562;5;1
32;7;3;16;5;5.73;2.794;-2.73;4;1
32;7;3;16;4;5.707;2.805;-2.707;4;1
32;9;2;16;5;5.49;2.921;-2.49;5;1
32;6;2;16;5;5.539;2.872;-2.539;5;1
32;9;2;16;5;5.725;2.914;-2.725;4;1
32;7;3;16;5;5.658;2.834;-2.658;4;1
32;7;3;16;5;5.594;2.84;-2.594;5;1
32;9;2;16;5;5.709;2.914;-2.709;4;1
32;9;2;16;5;5.721;2.905;-2.721;4;1
32;8;2;16;5;5.596;2.899;-2.596;5;1
32;8;2;16;4;5.714;2.898;-2.714;4;1
32;9;2;16;5;5.693;2.915;-2.693;4;1
32;7;2;16;7;5.675;2.859;-2.675;4;1
32;7;2;16;7;5.581;2.859;-2.581;4;1
32;8;2;16;5;5.661;2.911;-2.661;4;1
32;8;2;16;5;5.611;2.923;-2.611;4;1
32;8;2;16;5;5.478;2.912;-2.478;5;1
32;8;2;16;5;5.513;2.912;-2.513;5;1
32;6;2;16;6;5.562;2.856;-2.562;5;1
32;8;2;16;5;5.562;2.901;-2.562;5;1
32;5;3;16;5;6;2.236;-3;6;0
32;7;3;16;5;5.826;2.783;-2.826;4;0
32;6;3;16;5;5.782;2.673;-2.782;4;0
32;6;3;16;5;5.727;2.612;-2.727;4;0
32;6;3;16;5;5.722;2.727;-2.722;4;0
32;7;3;16;5;5.835;2.823;-2.835;4;0
32;6;3;16;5;5.871;2.727;-2.871;4;0
32;7;3;16;5;5.871;2.817;-2.871;4;0
32;6;3;16;5;5.782;2.683;-2.782;4;0
32;7;3;16;5;5.872;2.819;-2.872;4;0
32;7;3;16;5;5.81;2.815;-2.81;4;0
32;6;3;16;4;5.833;2.677;-2.833;4;0
32;7;3;16;4;5.748;2.809;-2.748;4;0
32;7;3;16;5;5.868;2.732;-2.868;4;0
32;7;3;16;5;5.86;2.805;-2.86;4;0
32;6;3;16;5;5.608;2.756;-2.608;5;0
32;7;3;16;4;5.748;2.833;-2.748;4;0
32;6;3;16;5;5.833;2.689;-2.833;4;0
32;7;3;16;5;5.823;2.805;-2.823;4;0
32;6;3;16;5;5.779;2.657;-2.779;4;0
32;6;3;16;5;5.683;2.741;-2.683;4;0
32;7;3;16;5;5.872;2.819;-2.872;4;0
32;6;3;16;5;5.656;2.773;-2.656;4;0
32;7;3;16;5;5.871;2.817;-2.871;4;0
32;7;3;16;5;5.866;2.812;-2.866;4;0
32;6;3;16;5;5.794;2.752;-2.794;4;0
32;6;3;16;5;5.835;2.683;-2.835;4;0
32;7;3;16;5;5.827;2.816;-2.827;4;0
32;7;3;16;5;5.846;2.818;-2.846;4;0
32;7;3;16;5;5.814;2.823;-2.814;4;0
32;6;3;16;5;5.817;2.767;-2.817;4;0
32;6;3;16;5;5.817;2.767;-2.817;4;0
32;7;3;16;5;5.838;2.815;-2.838;4;0
32;7;3;16;5;5.766;2.766;-2.766;4;0
32;7;3;16;5;5.836;2.821;-2.836;4;0
32;7;3;16;5;5.872;2.819;-2.872;4;0
32;7;3;16;5;5.779;2.784;-2.779;4;0
32;6;3;16;4;5.688;2.709;-2.688;5;0
32;7;3;16;5;5.862;2.805;-2.862;4;0
32;7;3;16;5;5.838;2.815;-2.838;4;0
32;6;3;16;4;5.665;2.634;-2.665;5;0
32;7;3;16;5;5.813;2.797;-2.813;4;0
32;7;3;16;6;5.842;2.8;-2.842;4;0
32;7;3;16;5;5.795;2.814;-2.795;4;0
32;6;3;16;4;5.833;2.67;-2.833;4;0
32;8;3;16;5;5.795;2.834;-2.795;4;0
32;7;3;16;5;5.832;2.781;-2.832;4;0
32;6;3;16;5;5.678;2.719;-2.678;4;0
32;6;3;16;5;5.639;2.684;-2.639;5;0
32;7;3;16;5;5.809;2.797;-2.809;4;0
32;7;3;16;5;5.846;2.815;-2.846;4;0
32;7;3;16;5;5.838;2.815;-2.838;4;0
32;7;3;16;5;5.846;2.815;-2.846;4;0
32;7;3;16;5;5.805;2.824;-2.805;4;0
32;7;3;16;5;5.854;2.799;-2.854;4;0
32;8;3;16;5;5.816;2.827;-2.816;4;0
32;6;3;16;5;5.723;2.619;-2.723;4;0
32;7;3;16;5;5.679;2.783;-2.679;4;0
32;6;3;16;5;5.759;2.625;-2.759;4;0
32;6;3;16;5;5.813;2.653;-2.813;4;0
32;6;3;16;5;5.638;2.702;-2.638;4;0
32;7;3;16;5;5.707;2.783;-2.707;4;0
32;7;3;16;5;5.821;2.814;-2.821;4;0
32;7;3;16;5;5.842;2.809;-2.842;4;0
32;7;3;16;5;5.819;2.812;-2.819;4;0
32;6;3;16;5;5.719;2.634;-2.719;4;0
32;7;3;16;5;5.821;2.812;-2.821;4;0
32;6;3;16;5;5.781;2.729;-2.781;4;0
32;7;3;16;5;5.865;2.81;-2.865;4;0
32;7;3;16;5;5.846;2.815;-2.846;4;0
32;6;3;16;5;5.804;2.635;-2.804;4;0
32;6;3;16;5;5.804;2.645;-2.804;4;0
32;6;3;16;4;5.706;2.622;-2.706;4;0
32;6;3;16;4;5.691;2.774;-2.691;5;0
32;7;3;16;4;5.727;2.805;-2.727;4;0
32;8;3;16;5;5.795;2.834;-2.795;4;0
32;8;3;16;5;5.844;2.826;-2.844;4;0
32;7;3;16;5;5.766;2.766;-2.766;4;0
32;6;3;16;5;5.554;2.688;-2.554;4;0
32;7;3;16;5;5.869;2.815;-2.869;4;0
32;7;3;16;5;5.861;2.806;-2.861;4;0
32;6;3;16;5;5.852;2.796;-2.852;4;0
32;7;3;16;5;5.865;2.811;-2.865;4;0
32;7;3;16;5;5.856;2.8;-2.856;4;0
32;5;3;16;5;5.813;2.629;-2.813;4;0
32;7;3;16;5;5.804;2.795;-2.804;4;0
32;7;3;16;5;5.855;2.799;-2.855;4;0
32;7;3;16;5;5.813;2.825;-2.813;4;0
32;5;3;16;5;5.688;2.619;-2.688;4;0
32;7;3;16;5;5.86;2.805;-2.86;4;0
32;7;3;16;5;5.855;2.799;-2.855;4;0
32;8;3;16;5;5.838;2.822;-2.838;4;0
32;7;3;16;5;5.868;2.815;-2.868;4;0
32;6;3;16;6;5.804;2.748;-2.804;4;0
32;7;3;16;5;5.805;2.824;-2.805;4;0
32;8;3;16;5;5.844;2.826;-2.844;4;0
32;5;3;16;4;5.738;2.641;-2.738;4;0
32;7;3;16;5;5.8;2.814;-2.8;4;0
32;6;3;16;5;5.705;2.617;-2.705;5;0
32;6;3;16;5;5.671;2.62;-2.671;5;0
32;7;3;16;6;5.873;2.782;-2.873;4;0
32;6;3;16;5;5.738;2.653;-2.738;4;0
32;7;3;16;5;5.827;2.781;-2.827;4;0
32;6;3;16;4;5.651;2.648;-2.651;5;0
32;7;3;16;5;5.791;2.785;-2.791;4;0
32;7;3;16;5;5.832;2.797;-2.832;4;0
32;7;3;16;6;5.804;2.834;-2.804;4;0
32;6;3;16;5;5.639;2.626;-2.639;5;0
32;7;3;16;5;5.843;2.811;-2.843;4;0
32;6;3;16;5;5.642;2.746;-2.642;4;0
32;7;3;16;5;5.843;2.783;-2.843;4;0
32;7;3;16;5;5.843;2.761;-2.843;4;0
32;7;3;16;5;5.81;2.781;-2.81;4;0
32;7;3;16;5;5.766;2.791;-2.766;4;0
32;7;3;16;5;5.844;2.756;-2.844;4;0
32;6;3;16;5;5.813;2.669;-2.813;4;0
32;7;3;16;5;5.835;2.77;-2.835;4;0
32;5;3;16;5;5.651;2.613;-2.651;5;0
32;8;3;16;5;5.816;2.826;-2.816;4;0
32;7;3;16;5;5.832;2.811;-2.832;4;0
32;7;3;16;5;5.841;2.811;-2.841;4;0
32;6;3;16;5;5.835;2.689;-2.835;4;0
32;7;3;16;5;5.838;2.821;-2.838;4;0
32;7;3;16;5;5.806;2.816;-2.806;4;0
32;7;3;16;5;5.761;2.763;-2.761;4;0
32;6;3;16;5;5.705;2.715;-2.705;4;0
32;6;3;16;5;5.722;2.644;-2.722;4;0
32;6;3;16;4;5.778;2.666;-2.778;4;0
32;6;3;16;5;5.796;2.645;-2.796;4;0
32;7;3;16;5;5.827;2.783;-2.827;4;0
32;8;3;16;5;5.815;2.827;-2.815;4;0
32;7;3;16;5;5.863;2.809;-2.863;4;0
32;7;3;16;5;5.862;2.808;-2.862;4;0
32;7;3;16;5;5.841;2.815;-2.841;4;0
32;6;3;16;4;5.714;2.625;-2.714;4;0
32;7;3;16;5;5.808;2.812;-2.808;4;0
32;7;3;16;5;5.848;2.818;-2.848;4;0
32;6;3;16;5;5.616;2.676;-2.616;5;0
32;6;3;16;5;5.725;2.728;-2.725;4;0
32;7;3;16;5;5.844;2.812;-2.844;4;0
32;6;3;16;5;5.814;2.645;-2.814;4;0
32;7;3;16;5;5.828;2.816;-2.828;4;0
32;7;3;16;5;5.856;2.801;-2.856;4;0
32;7;3;16;5;5.762;2.762;-2.762;4;0
32;7;3;16;5;5.834;2.805;-2.834;4;0
32;7;3;16;5;5.816;2.825;-2.816;4;0
32;7;3;16;5;5.834;2.805;-2.834;4;0
32;7;3;16;4;5.793;2.81;-2.793;4;0
32;7;3;16;5;5.809;2.825;-2.809;4;0
32;7;3;16;5;5.846;2.815;-2.846;4;0
32;7;3;16;5;5.843;2.817;-2.843;4;0
32;7;3;16;5;5.837;2.816;-2.837;4;0
32;7;3;16;6;5.844;2.813;-2.844;4;0
32;8;3;16;4;5.813;2.825;-2.813;4;0
32;7;3;16;5;5.828;2.815;-2.828;4;0
32;7;3;16;5;5.87;2.815;-2.87;4;0
32;7;3;16;5;5.798;2.79;-2.798;4;0
32;6;3;16;4;5.721;2.627;-2.721;4;0
32;6;3;16;5;5.784;2.753;-2.784;4;0
32;7;3;16;4;5.806;2.81;-2.806;4;0
32;7;3;16;5;5.804;2.81;-2.804;4;0
32;6;3;16;5;5.759;2.637;-2.759;4;0
32;6;3;16;5;5.779;2.634;-2.779;4;0
32;7;3;16;6;5.856;2.814;-2.856;4;0
32;7;3;16;4;5.815;2.81;-2.815;4;0
32;8;3;16;5;5.844;2.826;-2.844;4;0
32;7;3;16;5;5.846;2.815;-2.846;4;0
32;7;3;16;4;5.812;2.825;-2.812;4;0
32;6;3;16;4;5.684;2.684;-2.684;4;0
32;7;3;16;5;5.818;2.814;-2.818;4;0
32;7;3;16;5;5.821;2.816;-2.821;4;0
32;6;3;16;5;5.622;2.714;-2.622;4;0
32;7;3;16;5;5.842;2.772;-2.842;4;0
32;6;3;16;5;5.661;2.721;-2.661;4;0
32;7;3;16;6;5.824;2.828;-2.824;4;0
32;7;3;16;5;5.773;2.824;-2.773;4;0
32;7;3;16;5;5.834;2.809;-2.834;4;0
32;7;3;16;5;5.848;2.817;-2.848;4;0
32;6;3;16;5;5.844;2.766;-2.844;4;0
32;7;3;16;5;5.823;2.805;-2.823;4;0
32;7;3;16;5;5.837;2.812;-2.837;4;0
32;7;3;16;5;5.816;2.823;-2.816;4;0
32;7;3;16;5;5.87;2.815;-2.87;4;0
32;6;3;16;5;5.7;2.617;-2.7;5;0
32;6;3;16;4;5.62;2.691;-2.62;5;0
32;7;3;16;5;5.854;2.761;-2.854;4;0
32;7;3;16;5;5.826;2.814;-2.826;4;0
32;6;3;16;5;5.726;2.619;-2.726;4;0
32;5;3;16;5;5.633;2.675;-2.633;4;0
32;5;3;16;5;5.66;2.603;-2.66;4;0
32;7;3;16;6;5.873;2.811;-2.873;4;0
32;7;3;16;6;5.844;2.829;-2.844;4;0
32;8;3;16;5;5.805;2.837;-2.805;4;0
32;7;3;16;5;5.866;2.808;-2.866;4;0
32;6;3;16;5;5.656;2.643;-2.656;5;0
32;7;3;16;6;5.869;2.792;-2.869;4;0
32;6;3;16;5;5.666;2.733;-2.666;4;0
32;7;3;16;5;5.853;2.789;-2.853;4;0
32;6;3;16;5;5.687;2.729;-2.687;4;0
32;8;3;16;5;5.841;2.823;-2.841;4;0
32;7;3;16;5;5.863;2.809;-2.863;4;0
32;6;3;16;5;5.873;2.721;-2.873;4;0
32;7;3;16;5;5.871;2.817;-2.871;4;0
32;6;3;16;5;5.776;2.683;-2.776;4;0
32;6;3;16;5;5.726;2.739;-2.726;4;0
32;6;3;16;5;5.873;2.718;-2.873;4;0
32;6;3;16;5;5.855;2.756;-2.855;4;0
32;6;3;16;5;5.707;2.73;-2.707;4;0
32;6;3;16;5;5.68;2.69;-2.68;4;0
32;6;3;16;5;5.735;2.63;-2.735;4;0
32;8;3;16;5;5.839;2.822;-2.839;4;0
32;6;3;16;5;5.705;2.715;-2.705;4;0
32;7;3;16;5;5.839;2.813;-2.839;4;0
32;7;3;16;5;5.833;2.809;-2.833;4;0
32;7;3;16;5;5.847;2.814;-2.847;4;0
32;7;3;16;5;5.855;2.784;-2.855;4;0
32;7;3;16;5;5.862;2.805;-2.862;4;0
32;7;3;16;5;5.816;2.825;-2.816;4;0
32;7;3;16;5;5.867;2.81;-2.867;4;0
32;7;3;16;5;5.845;2.818;-2.845;4;0
32;7;3;16;5;5.841;2.814;-2.841;4;0
32;7;3;16;5;5.838;2.813;-2.838;4;0
32;7;3;16;5;5.84;2.814;-2.84;4;0
32;7;3;16;5;5.845;2.818;-2.845;4;0
32;7;3;16;5;5.842;2.816;-2.842;4;0
32;7;3;16;5;5.856;2.801;-2.856;4;0
32;7;3;16;5;5.862;2.805;-2.862;4;0
32;7;3;16;5;5.837;2.816;-2.837;4;0
32;7;3;16;5;5.854;2.798;-2.854;4;0
32;7;3;16;5;5.87;2.769;-2.87;4;0
32;7;3;16;5;5.871;2.767;-2.871;4;0
32;7;3;16;5;5.827;2.815;-2.827;4;0
32;7;3;16;5;5.865;2.809;-2.865;4;0
32;7;3;16;5;5.867;2.811;-2.867;4;0
32;7;3;16;5;5.86;2.805;-2.86;4;0
32;7;3;16;5;5.811;2.791;-2.811;4;0
32;6;3;16;5;5.678;2.728;-2.678;4;0
32;6;3;16;5;5.707;2.738;-2.707;4;0
32;7;3;16;5;5.824;2.791;-2.824;4;0
32;6;3;16;5;5.712;2.724;-2.712;4;0
32;7;3;16;6;5.804;2.794;-2.804;4;0
32;7;3;16;5;5.804;2.805;-2.804;4;0
32;7;3;16;5;5.741;2.785;-2.841;4;0
32;7;3;16;5;5.843;2.789;-2.843;4;0
32;7;3;16;5;5.831;2.817;-2.831;4;0
32;7;3;16;5;5.834;2.809;-2.834;4;0
32;7;3;16;5;5.837;2.783;-2.837;4;0
32;7;3;16;5;5.87;2.731;-2.87;4;0
32;6;3;16;5;5.865;2.737;-2.865;4;0
32;7;3;16;5;5.704;2.792;-2.704;4;0
32;6;3;16;5;5.706;2.73;-2.706;4;0
34;5;3;17;6;5.595;2.645;-2.595;5;0
34;5;3;17;4;5.723;2.395;-2.723;7;0
34;5;3;17;4;5.761;2.395;-2.761;7;0
34;5;3;17;4;5.723;2.394;-2.723;7;0
34;5;3;17;4;5.707;2.393;-2.707;7;0
34;5;3;17;5;5.77;2.394;-2.77;7;0
34;5;3;17;4;5.722;2.394;-2.722;7;0
34;5;3;17;4;5.722;2.394;-2.722;7;0
34;5;3;17;4;5.72;2.396;-2.72;7;0
34;5;3;17;5;5.724;2.394;-2.724;7;0
34;5;3;17;4;5.72;2.396;-2.72;7;0
34;5;3;17;4;5.723;2.393;-2.723;7;0
34;5;3;17;4;5.724;2.39;-2.724;7;0
34;5;3;17;4;5.724;2.39;-2.724;7;0
34;5;3;17;4;5.706;2.391;-2.706;7;0
34;5;3;17;4;5.735;2.376;-2.735;7;0
34;5;3;17;4;5.77;2.39;-2.77;7;0
34;5;3;17;4;5.764;2.39;-2.764;7;0
34;5;3;17;4;5.723;2.373;-2.73;7;0
34;5;3;17;4;5.736;2.374;-2.736;7;0
34;6;3;17;4;5.731;2.374;-2.731;7;0
34;5;3;17;4;5.793;2.377;-2.793;7;0
34;5;3;17;4;5.769;2.391;-2.769;7;0
34;5;3;17;4;5.764;2.391;-2.764;7;0
34;5;3;17;4;5.752;2.377;-2.752;7;0
34;5;3;17;4;5.781;2.392;-2.758;7;0
34;5;3;17;4;5.795;2.391;-2.795;7;0
34;5;3;17;4;5.795;2.391;-2.795;7;0
34;6;3;17;4;5.727;2.377;-2.727;7;0
34;6;3;17;4;5.727;2.377;-2.727;7;0
34;5;3;17;4;5.727;2.377;-2.727;7;0
34;5;3;17;5;5.797;2.377;-2.797;7;0
34;6;3;17;4;5.734;2.378;-2.734;7;0
34;6;3;17;4;5.734;2.377;-2.734;7;0
34;5;3;17;4;5.76;2.377;-2.76;7;0
34;5;3;17;5;5.734;2.377;-2.734;7;0
34;5;3;17;4;5.792;2.393;-2.792;7;0
34;5;3;17;4;5.762;2.394;-2.762;7;0
34;5;3;17;4;5.757;2.397;-2.757;7;0
34;6;3;17;4;5.751;2.374;-2.751;7;0
34;5;3;17;4;5.752;2.373;-2.752;7;0
34;6;3;17;4;5.724;2.376;-2.724;7;0
34;5;3;17;4;5.724;2.377;-2.724;7;0
34;6;3;17;4;5.728;2.375;-2.728;7;0
34;5;3;17;5;5.728;2.372;-2.728;7;0
34;5;3;17;4;5.759;2.372;-2.759;7;0
34;6;3;17;5;5.758;2.373;-2.758;7;0
34;5;3;17;4;5.76;2.395;-2.76;7;0
34;5;3;17;4;5.762;-2.393;-2.762;7;0
34;5;3;17;4;5.706;2.396;-2.706;7;0
34;5;3;17;4;5.712;2.395;-2.712;7;0
34;5;3;17;4;5.712;2.393;-2.712;7;0
34;5;3;17;4;5.707;2.395;-2.707;7;0
34;5;3;17;5;5.707;2.398;-2.707;7;0
34;5;3;17;4;5.706;2.398;-2.706;7;0
34;5;3;17;5;5.718;2.394;-2.718;7;0
34;5;3;17;4;5.719;2.391;-2.719;7;0
34;5;3;17;4;5.717;2.396;-2.717;7;0
34;5;3;17;5;5.719;2.393;-2.719;7;0
34;5;3;17;4;5.717;2.396;-2.717;7;0
34;5;3;17;4;5.72;2.393;-2.72;7;0
34;5;3;17;4;5.709;2.392;-2.709;7;0
34;5;3;17;5;5.76;2.391;-2.76;7;0
34;5;3;17;4;5.691;2.394;-2.691;7;0
34;5;3;17;4;5.692;2.394;-2.692;7;0
34;5;3;17;4;5.692;2.394;-2.692;7;0
34;5;3;17;5;5.692;2.394;-2.692;7;0
34;5;3;17;5;5.734;2.375;-2.734;7;0
34;5;3;17;4;5.727;2.372;-2.727;7;0
34;5;3;17;4;5.735;2.373;-2.735;7;0
34;5;3;17;4;5.71;2.387;-2.71;7;0
34;5;3;17;4;5.759;2.387;-2.759;7;0
34;6;3;17;5;5.728;2.373;-2.783;7;0
34;5;3;17;4;5.642;2.398;-2.642;7;0
34;5;3;17;4;5.716;2.394;-2.716;7;0
34;5;3;17;4;5.613;2.366;-2.613;7;0
34;5;3;17;4;5.634;2.367;-2.634;7;0
34;5;3;17;4;5.623;2.36;-2.629;7;0
34;5;3;17;5;5.6;2.364;-2.6;7;0
34;5;3;17;4;5.694;2.375;-2.694;7;0
34;5;3;17;4;5.605;2.362;-2.605;7;0
34;5;3;17;4;5.708;2.376;-2.708;7;0
34;5;3;17;4;5.719;2.378;-2.719;7;0
34;5;3;17;5;5.704;2.378;-2.704;7;0
34;5;3;17;4;5.684;2.379;-2.684;7;0
34;5;3;17;4;5.617;2.357;-2.617;7;0
34;5;3;17;4;5.653;2.365;-2.653;7;0
34;5;3;17;4;5.707;2.366;-2.707;7;0
34;5;3;17;4;5.657;2.355;-2.657;7;0
34;5;3;17;4;5.715;2.355;-2.715;7;0
34;5;3;17;4;5.603;2.356;-2.603;7;0
34;5;3;17;4;5.686;2.373;-2.686;7;0
34;5;3;17;4;5.642;2.377;-2.644;7;0
34;5;3;17;4;5.678;2.377;-2.678;7;0
34;5;3;17;4;5.711;2.38;-2.711;7;0
34;5;3;17;5;5.634;2.397;-2.634;7;0
34;5;3;17;5;5.7;2.396;-2.7;7;0
34;5;3;17;4;5.64;2.377;-2.64;7;0
34;5;3;17;4;5.685;2.376;-2.685;7;0
34;5;3;17;4;5.701;2.381;-2.701;7;0
34;5;3;17;4;5.613;2.358;-2.613;7;0
34;5;3;17;4;5.612;2.356;-2.612;7;0
34;5;3;17;4;5.624;2.366;-2.624;7;0
34;5;3;17;4;5.609;2.361;-2.609;7;0
34;5;3;17;4;5.676;2.366;-2.676;7;0
34;5;3;17;4;5.641;2.371;-2.641;7;0
34;5;3;17;4;5.66;2.365;-2.66;7;0
34;5;3;17;4;5.705;2.365;-2.705;7;0
34;5;3;17;4;5.603;2.356;-2.603;7;0
34;5;3;17;4;5.603;2.363;-2.62;7;0
34;5;3;17;4;5.64;2.366;-2.64;7;0
34;5;3;17;4;5.641;2.379;-2.641;7;0
34;5;3;17;4;5.713;2.37;-2.713;7;0
34;5;3;17;4;5.702;2.371;-2.702;7;0
34;5;3;17;4;5.598;2.355;-2.598;7;0
34;5;3;17;4;5.693;2.369;-2.693;7;0
34;5;3;17;4;5.609;2.357;-2.609;7;0
34;5;3;17;4;5.7;2.37;-2.7;7;0
34;5;3;17;4;5.661;2.355;-2.661;7;0
34;5;3;17;4;5.712;2.354;-2.712;7;0
34;5;3;17;4;5.615;2.355;-2.615;7;0
34;5;3;17;4;5.633;2.374;-2.633;7;0
34;5;3;17;4;5.662;2.378;-2.662;7;0
34;5;3;17;4;5.669;2.358;-2.669;7;0
34;5;3;17;4;5.72;2.356;-2.72;7;0
34;5;3;17;4;5.635;2.364;-2.635;7;0
34;5;3;17;4;5.6;2.356;-2.6;7;0
34;5;3;17;4;5.662;2.381;-2.662;7;0
34;5;3;17;4;5.668;2.356;-2.668;7;0
34;5;3;17;4;5.69;2.378;-2.69;7;0
34;5;3;17;5;5.679;2.355;-2.679;7;0
34;5;3;17;4;5.68;2.356;-2.68;7;0
34;5;3;17;4;5.679;2.371;-2.679;7;0
34;5;3;17;5;5.675;2.368;-2.676;7;0
34;5;3;17;5;5.632;2.362;-2.632;7;0
34;5;3;17;4;5.719;2.356;-2.719;7;0
34;5;3;17;4;5.682;2.376;-2.682;7;0
34;5;3;17;4;5.612;2.364;-2.612;7;0
34;5;3;17;4;5.719;2.366;-2.719;7;0
34;5;3;17;5;5.678;2.389;-2.678;7;0
34;5;3;17;5;5.678;2.378;-2.678;7;0
34;5;3;17;5;5.732;2.38;-2.732;7;0
34;5;3;17;4;5.698;2.38;-2.698;7;0
34;5;3;17;4;5.75;2.375;-2.75;7;0
34;5;3;17;4;5.686;2.375;-2.685;7;0
34;5;3;17;5;5.734;2.376;-2.734;7;0
34;5;3;17;4;5.702;2.367;-2.702;7;0
34;5;3;17;5;5.694;2.378;-2.694;7;0
34;5;3;17;5;5.709;2.378;-2.709;7;0
34;5;3;17;4;5.682;2.378;-2.682;7;0
34;5;3;17;5;5.704;2.378;-2.704;7;0
34;5;3;17;4;5.696;2.38;-2.696;7;0
34;5;3;17;4;5.701;2.38;-2.701;7;0
34;5;3;17;4;5.728;2.38;-2.728;7;0
34;5;3;17;4;5.718;2.377;-2.718;7;0
34;5;3;17;5;5.704;2.375;-2.704;7;0
34;5;3;17;5;5.728;2.375;-2.728;7;0
34;5;3;17;5;5.71;2.376;-2.71;7;0
34;5;3;17;5;5.681;2.376;-2.681;7;0
34;5;3;17;5;5.712;2.376;-2.712;7;0
34;5;3;17;5;5.677;2.376;-2.677;7;0
34;5;3;17;5;5.715;2.381;-2.715;7;0
34;5;3;17;4;5.686;2.376;-2.686;7;0
34;5;3;17;5;5.706;2.376;-2.706;7;0
34;5;3;17;4;5.74;2.376;-2.74;7;0
34;5;3;17;4;5.691;2.376;-2.691;7;0
34;5;3;17;4;5.705;2.375;-2.705;7;0
34;5;3;17;4;5.712;2.375;-2.712;7;0
34;5;3;17;4;5.743;2.375;-2.743;7;0
34;5;3;17;5;5.689;2.378;-2.689;7;0
34;5;3;17;5;5.689;2.377;-2.689;7;0
34;5;3;17;5;5.693;2.377;-2.693;7;0
34;5;3;17;5;5.688;2.378;-2.688;7;0
34;5;3;17;4;5.712;2.381;-2.712;7;0
34;5;3;17;4;5.695;2.376;-2.695;7;0
34;5;3;17;4;5.741;2.376;-2.741;7;0
34;5;3;17;4;5.699;2.376;-2.699;7;0
34;5;3;17;4;5.722;2.375;-2.722;7;0
34;5;3;17;4;5.746;2.376;-2.746;7;0
34;5;3;17;4;5.706;2.357;-2.706;7;0
34;5;3;17;5;5.703;2.354;-2.703;7;0
34;5;3;17;5;5.662;2.36;-2.662;7;0
34;5;3;17;5;5.663;2.361;-2.663;7;0
34;5;3;17;4;5.745;2.358;-2.745;7;0
34;5;3;17;4;5.705;2.358;-2.705;7;0
34;5;3;17;4;5.678;2.358;-2.678;7;0
34;5;3;17;5;5.75;2.358;-2.75;7;0
34;5;3;17;5;5.704;2.359;-2.704;7;0
34;5;3;17;5;5.679;2.358;-2.679;7;0
34;6;3;17;5;5.721;2.353;-2.721;7;0
34;6;3;17;5;5.677;2.372;-2.677;7;0
34;5;3;17;4;5.676;2.37;-2.676;7;0
34;5;3;17;4;5.707;2.351;-2.707;7;0
34;5;3;17;4;5.744;2.358;-2.744;7;0
34;5;3;17;4;5.684;2.358;-2.684;7;0
34;5;3;17;5;5.732;2.362;-2.732;7;0
34;5;3;17;5;5.701;2.362;-2.701;7;0
34;5;3;17;4;5.733;2.358;-2.733;7;0
34;5;3;17;5;5.698;2.364;-2.698;7;0
34;5;3;17;5;5.704;2.357;-2.704;7;0
34;5;3;17;4;5.705;2.357;-2.705;7;0
34;6;3;17;5;5.679;2.359;-2.679;7;0
30;4;3;17;4;5.64165;2.20007;-2.64165;7;0
34;5;3;17;4;5.71793;2.3658;-2.71793;7;0
34;5;3;17;4;5.66539;2.35085;-2.66539;7;0
34;5;3;17;4;5.68625;2.33948;-2.68625;7;0
34;5;3;17;4;5.7001;2.3536;-2.7001;7;0
34;5;3;17;4;5.70222;2.35299;-2.70222;7;0
34;5;3;17;4;5.69778;2.35574;-2.69778;7;0
34;5;3;17;4;5.70127;2.3546;-2.70127;7;0
34;5;3;17;4;5.75409;2.35003;-2.75409;7;0
34;5;3;17;4;5.73068;2.34001;-2.73068;7;0
34;5;3;17;4;5.7325;2.33885;-2.7325;7;0
34;5;3;17;4;5.75426;2.34928;-2.75426;7;0
34;5;3;17;5;5.65474;2.36229;-2.65474;7;0
34;5;3;17;5;5.71087;2.34745;-2.71087;7;0
34;5;3;17;4;5.69013;2.34143;-2.69013;7;0
34;5;3;17;4;5.69299;2.34959;-2.69299;7;0
34;5;3;17;4;5.70353;2.34103;-2.70353;7;0
34;5;3;17;4;5.70245;2.34149;-2.70245;7;0
34;5;3;17;4;5.70884;2.34219;-2.70884;7;0
34;5;3;17;4;5.752;2.34278;-2.752;7;0
34;5;3;17;4;5.65309;2.35972;-2.65309;7;0
34;5;3;17;4;5.70364;2.35063;-2.70364;7;0
34;5;3;17;4;5.70354;2.34326;-2.70354;7;0
34;5;3;17;5;5.70503;2.33391;-2.70503;7;0
34;5;3;17;5;5.70346;2.33412;-2.70346;7;0
34;5;3;17;4;5.70525;2.33415;-2.70525;7;0
34;5;3;17;4;5.70575;2.35034;-2.70575;7;0
34;5;3;17;4;5.6814;2.34999;-2.6814;7;0
34;5;3;17;4;5.69875;2.34108;-2.69875;7;0
34;5;3;17;4;5.68585;2.36175;-2.68585;7;0
34;5;3;17;4;5.70995;2.34405;-2.70995;7;0
34;5;3;17;5;5.70321;2.33131;-2.70321;7;0
34;5;3;17;4;5.68843;2.33074;-2.68843;7;0
34;5;3;17;4;5.66768;2.3578;-2.66768;7;0
34;5;3;17;4;5.71129;2.35603;-2.71129;7;0
34;5;3;17;4;5.67132;2.34667;-2.67132;7;0
34;5;3;17;4;5.69376;2.34016;-2.69376;7;0
34;5;3;17;4;5.6983;2.34085;-2.6983;7;0
34;5;3;17;4;5.66253;2.36687;-2.66253;7;0
34;5;3;17;4;5.66249;2.36561;-2.66249;7;0
34;5;3;17;4;5.65169;2.35807;-2.65169;7;0
34;5;3;17;4;5.66768;2.35764;-2.66768;7;0
34;5;3;17;4;5.67788;2.35677;-2.67788;7;0
34;5;3;17;4;5.67392;2.35655;-2.67392;7;0
34;5;3;17;4;5.69682;2.35528;-2.69682;7;0
34;5;3;17;4;5.69683;2.35707;-2.69683;7;0
34;5;3;17;4;5.7011;2.35496;-2.7011;7;0
34;5;3;17;4;5.66098;2.35499;-2.66098;7;0
34;5;3;17;4;5.67108;2.34724;-2.67108;7;0
34;6;3;17;5;5.814;2.681;-2.814;5;1
34;5;3;17;5;5.69;2.459;-2.69;5;1
34;5;3;17;4;5.606;2.513;-2.606;5;1
34;5;3;17;4;5.532;2.493;-2.532;5;1
34;5;3;17;4;5.615;2.514;-2.615;5;1
34;5;3;17;4;5.555;2.504;-2.555;5;1
34;5;3;17;4;5.449;2.465;-2.449;5;1
34;5;3;17;4;5.608;2.465;-2.608;5;1
34;5;3;17;5;5.672;2.465;-2.672;5;1
34;5;3;17;4;5.582;2.507;-2.582;5;1
34;5;3;17;5;5.644;2.461;-2.644;5;1
34;5;3;17;5;5.716;2.461;-2.716;5;1
34;6;3;17;4;5.636;2.703;-2.636;5;1
34;6;3;17;4;5.574;2.733;-2.574;5;1
34;6;3;17;5;5.552;2.762;-2.552;5;1
34;6;3;17;4;5.564;2.743;-2.564;5;1
34;6;3;17;4;5.588;2.74;-2.588;5;1
34;7;3;17;5;5.628;2.764;-2.628;5;1
34;6;3;17;4;5.628;2.737;-2.628;5;1
34;6;3;17;5;5.556;2.732;-2.556;5;1
34;6;3;17;5;5.562;2.698;-2.562;5;1
34;7;3;17;5;5.562;2.759;-2.562;5;1
34;7;3;17;5;5.585;2.744;-2.585;5;1
34;6;3;17;5;5.595;2.748;-2.595;5;1
34;6;3;17;5;5.561;2.719;-2.561;5;1
34;7;3;17;5;5.594;2.78;-2.594;5;1
34;6;3;17;5;5.545;2.71;-2.545;5;1
34;6;3;17;5;5.544;2.739;-2.544;5;1
34;6;3;17;5;5.49;2.745;-2.49;5;1
34;6;3;17;5;5.536;2.743;-2.536;5;1
34;6;3;17;5;5.579;2.772;-2.579;5;1
34;6;3;17;5;5.586;2.713;-2.586;5;1
34;7;3;17;5;5.555;2.762;-2.555;5;1
34;6;3;17;5;5.531;2.759;-2.531;5;1
34;6;3;17;5;5.531;2.759;-2.531;5;1
34;6;3;17;5;5.539;2.721;-2.539;5;1
34;6;3;17;5;5.593;2.758;-2.593;5;1
34;11;2;17;6;5.638;2.941;-2.638;4;1
34;11;2;17;6;5.629;2.946;-2.629;4;1
34;8;2;17;6;5.848;2.882;-2.848;4;1
34;7;2;17;4;5.464;2.88;-2.464;5;1
34;9;2;17;5;5.52;2.925;-2.52;5;1
34;8;2;17;4;5.601;2.921;-2.601;5;1
34;8;2;17;4;5.627;2.895;-2.627;5;1
34;7;2;17;5;5.6;2.891;-2.6;5;1
34;8;2;17;5;5.546;2.886;-2.456;5;1
34;7;2;17;4;5.636;2.881;-2.636;5;1
34;7;2;17;5;5.627;2.884;-2.627;5;1
34;11;2;17;6;5.49;2.942;-2.49;5;1
34;8;2;17;5;5.658;2.886;-2.658;4;1
34;8;2;17;5;5.677;2.893;-2.677;4;1
34;8;2;17;5;5.652;2.894;-2.652;4;1
34;8;2;17;5;5.625;2.877;-2.625;4;1
34;8;2;17;5;5.667;2.887;-2.667;4;1
34;9;2;17;5;5.657;2.899;-2.657;5;1
34;7;2;17;4;5.97;2.885;-2.597;5;1
34;7;2;17;4;5.592;2.881;-2.592;5;1
34;8;2;17;5;5.548;2.89;-2.548;5;1
34;10;2;17;5;5.562;2.925;-2.562;5;1
34;7;2;17;4;5.601;2.869;-2.601;5;1
34;7;2;17;4;5.636;2.885;-2.636;5;1
34;7;2;17;4;5.628;2.884;-2.628;5;1
34;7;2;17;5;5.627;2.864;-2.627;5;1
34;8;2;17;5;5.677;2.893;-2.677;4;1
34;7;2;17;5;5.627;2.872;-2.627;4;1
34;8;2;17;5;5.633;2.899;-2.633;5;1
34;6;2;17;6;5.515;2.862;-2.515;5;1
34;8;2;17;5;5.516;2.877;-2.516;5;1
34;7;2;17;4;5.597;2.87;-2.597;5;1
34;8;2;17;5;5.645;2.88;-2.645;5;1
34;7;2;17;4;5.636;2.881;-2.636;5;1
34;8;2;17;4;5.443;2.928;-2.443;5;1
34;7;2;17;4;5.59;2.884;-2.59;5;1
34;7;2;17;4;5.581;2.882;-2.581;5;1
34;8;2;17;5;5.532;2.88;-2.532;5;1
34;8;2;17;4;5.851;2.901;-2.851;4;1
34;6;2;17;5;5.591;2.873;-2.591;5;1
34;8;2;17;5;5.495;2.876;-2.495;5;1
34;7;2;17;5;5.598;2.893;-2.598;5;1
34;8;2;17;8;5.855;2.893;-2.855;4;1
34;6;3;17;5;5.612;2.786;-2.612;5;1
34;6;3;17;4;5.579;2.791;-2.579;5;1
34;6;3;17;4;5.575;2.791;-2.575;5;1
34;7;3;17;5;5.528;2.805;-2.528;5;1
34;6;3;17;4;5.627;2.795;-2.627;5;1
34;6;3;17;4;5.582;2.791;-2.582;5;1
34;7;3;17;5;5.57;2.822;-2.57;5;1
34;6;3;17;5;5.548;2.81;-2.548;5;1
34;8;3;17;5;5.629;2.837;-2.629;5;1
34;7;3;17;4;5.587;2.823;-2.587;5;1
34;6;3;17;5;5.584;2.824;-2.584;5;1
34;6;3;17;4;5.589;2.814;-2.589;5;1
34;6;3;17;5;5.614;2.812;-2.614;5;1
34;7;3;17;4;5.575;2.817;-2.575;5;1
34;7;3;17;5;5.661;2.83;-2.661;5;1
34;7;3;17;4;5.627;2.816;-2.627;5;1
34;8;2;17;5;5.533;2.903;-2.553;5;1
34;8;2;17;6;5.562;2.901;-2.562;5;1
34;9;2;17;6;5.501;2.901;-2.501;5;1
34;7;2;17;5;5.594;2.906;-2.594;5;1
34;8;2;17;6;5.847;2.879;-2.847;4;1
34;7;2;17;5;5.589;2.908;-2.589;5;1
34;8;2;17;4;5.628;2.901;-2.628;5;1
34;9;2;17;5;5.663;2.905;-2.663;5;1
34;7;3;17;4;5.575;2.854;-2.575;5;1
34;7;3;17;5;5.582;2.851;-2.582;5;1
34;7;3;17;5;5.628;2.85;-2.628;5;1
34;8;3;17;5;5.571;2.859;-2.571;5;1
34;8;2;17;6;5.494;2.876;-2.494;5;1
34;7;2;17;5;5.578;2.864;-2.578;5;1
34;8;2;17;6;5.519;2.873;-2.519;5;1
34;6;2;17;5;5.566;2.864;-2.566;5;1
34;6;2;17;5;5.606;2.862;-2.606;5;1
34;6;2;17;6;5.515;2.862;-2.515;5;1
34;7;2;17;4;5.595;2.869;-2.595;5;1
34;6;2;17;4;5.582;2.869;-2.582;5;1
34;7;2;17;4;5.446;2.914;-2.446;5;1
34;10;2;17;5;5.681;2.936;-2.681;4;1
34;10;2;17;5;5.62;2.937;-2.62;4;1
34;10;2;17;5;5.566;2.929;-2.566;4;1
34;11;2;17;6;5.625;2.944;-2.625;4;1
34;11;2;17;6;5.708;2.938;-2.708;4;1
34;10;2;17;6;5.562;2.938;-2.562;5;1
34;11;2;17;6;5.647;2.937;-2.647;4;1
34;10;2;17;5;5.648;2.936;-2.648;4;1
34;10;2;17;5;5.6;2.934;-2.6;4;1
34;11;2;17;6;5.629;2.942;-2.629;4;1
34;11;2;17;6;5.529;2.938;-2.529;5;1
34;8;2;17;6;5.681;2.868;-2.681;4;1
34;8;2;17;6;5.649;2.867;-2.649;4;1
34;8;2;17;6;5.691;2.867;-2.691;4;1
34;8;2;17;6;5.791;2.868;-2.791;4;1
34;8;2;17;6;5.71;2.869;-2.71;4;1
34;8;2;17;6;5.627;2.872;-2.627;4;1
34;8;2;17;6;5.605;2.872;-2.605;4;1
34;8;2;17;6;5.68;2.873;-2.68;4;1
34;8;2;17;6;5.67;2.872;-2.67;4;1
34;8;2;17;6;5.805;2.872;-2.805;4;1
34;8;2;1;7;5.627;2.87;-2.627;4;1
34;8;2;17;7;5.61;2.872;-2.61;4;1
34;8;2;17;7;5.68;2.868;-2.68;4;1
34;8;2;17;8;5.673;2.877;-2.673;4;1
34;8;2;17;7;5.803;2.871;-2.803;4;1
34;8;2;17;7;5.627;2.887;-2.627;4;1
34;8;2;17;7;5.608;2.888;-2.608;4;1
34;8;2;17;7;5.681;2.887;-2.681;4;1
34;8;2;17;8;5.671;2.89;-2.671;4;1
34;8;2;17;7;5.804;2.888;-2.804;4;1
34;8;2;17;6;5.627;2.891;-2.627;4;1
34;8;2;17;6;5.63;2.891;-2.63;4;1
34;8;2;17;6;5.691;2.891;-2.691;4;1
34;8;2;17;6;5.794;2.891;-2.794;4;1
34;8;2;17;6;5.683;2.893;-2.683;4;1
34;8;2;17;6;5.673;2.872;-2.673;4;1
34;8;2;17;6;5.638;2.872;-2.638;4;1
34;8;2;17;6;5.651;2.872;-2.651;4;1
34;8;2;17;6;5.704;2.873;-2.704;4;1
34;8;2;17;6;5.707;2.872;-2.707;4;1
34;8;2;17;6;5.691;2.873;-2.691;4;1
34;8;2;17;6;5.793;2.872;-2.793;4;1
34;8;2;17;6;5.614;2.894;-2.614;4;1
34;8;2;17;6;5.677;2.894;-2.677;4;1
34;8;2;17;6;5.718;2.895;-2.718;4;1
34;8;2;17;6;5.698;2.895;-2.698;4;1
34;8;2;17;6;5.785;2.894;-2.785;4;1
34;8;2;17;6;5.551;2.901;-2.551;5;1
34;10;2;17;6;5.49;2.936;-2.49;5;1
34;8;2;17;6;5.586;2.901;-2.586;4;1
34;8;2;17;5;5.748;2.905;-2.748;4;1
34;8;2;17;6;5.703;2.895;-2.703;4;1
34;8;2;17;5;5.546;2.902;-2.546;4;1
34;8;2;17;6;5.561;2.897;-2.561;4;1
34;8;2;17;6;5.748;2.894;-2.748;4;1
34;8;2;17;6;5.59;2.895;-2.59;4;1
34;7;2;17;5;5.712;2.886;-2.712;4;1
34;8;2;17;5;5.729;2.888;-2.729;4;1
34;8;2;17;6;5.742;2.891;-2.742;4;1
34;8;2;17;6;5.765;2.895;-2.765;4;1
34;8;2;17;5;5.745;2.898;-2.745;4;1
34;8;2;17;6;5.774;2.89;-2.774;4;1
34;8;2;17;5;5.71;2.887;-2.71;4;1
34;8;2;17;5;5.734;2.901;-2.734;4;1
34;8;2;17;5;5.762;2.899;-2.762;4;1
34;8;2;17;5;5.717;2.9;-2.717;4;1
34;8;2;17;5;5.496;2.905;-2.496;5;1
34;8;2;17;5;5.722;2.905;-2.722;4;1
34;8;2;17;5;5.621;2.909;-2.621;4;1
34;8;2;17;5;5.722;2.908;-2.722;4;1
34;8;2;17;6;5.61;2.903;-2.61;4;1
34;8;2;17;6;5.604;2.899;-2.604;4;1
34;8;2;17;6;5.673;2.901;-2.673;4;1
34;8;2;17;5;5.544;2.91;-2.544;5;1
34;9;2;17;5;5.485;2.914;-2.485;5;1
34;8;2;17;5;5.416;2.913;-2.416;5;1
34;9;2;17;5;5.416;2.921;-2.416;5;1
34;9;2;17;6;5.666;2.916;-2.666;4;1
34;9;2;17;6;5.619;2.927;-2.619;4;1
34;8;2;17;6;5.523;2.878;-2.523;5;1
34;10;2;17;5;5.851;2.922;-2.851;4;1
34;8;2;17;6;5.518;2.882;-2.518;5;1
34;7;2;17;4;5.636;2.881;-2.636;5;1
34;7;2;17;5;5.574;2.892;-2.574;5;1
34;8;2;17;6;5.747;2.872;-2.747;4;1
34;7;2;17;5;5.733;2.865;-2.733;4;1
34;8;2;17;6;5.735;2.885;-2.735;4;1
34;8;2;17;5;5.714;2.886;-2.714;4;1
34;8;2;17;5;5.704;2.869;-2.704;4;1
34;8;2;17;5;5.722;2.869;-2.722;4;1
34;7;4;17;5;5.71;2.866;-2.71;4;1
34;8;2;17;5;5.695;2.888;-2.695;4;1
34;8;2;17;6;5.858;2.825;-2.858;4;1
34;8;2;17;5;5.668;2.899;-2.668;4;1
34;8;2;17;5;5.629;2.893;-2.629;4;1
34;8;2;17;5;5.529;2.901;-2.529;5;1
34;7;2;17;4;5.495;2.866;-2.495;5;1
34;8;2;17;6;5.852;2.881;-2.852;4;1
34;8;2;17;6;5.519;2.879;-2.519;5;1
34;8;2;17;5;5.852;2.851;-2.852;4;1
34;7;2;17;5;5.627;2.864;-2.627;5;1
34;7;2;17;5;5.584;2.862;-2.584;5;1
34;7;3;17;4;5.627;2.852;-2.627;5;1
34;7;3;17;5;5.628;2.848;-2.628;5;1
34;6;3;17;5;5.675;2.812;-2.675;5;1
34;8;2;17;5;5.668;2.879;-2.668;4;1
34;8;2;17;5;5.662;2.873;-2.662;4;1
34;8;2;17;5;5.571;2.89;-2.571;5;1
34;8;2;17;5;5.538;2.896;-2.538;5;1
34;9;2;17;6;5.511;2.917;-2.511;5;1
34;7;2;17;4;5.6;2.872;-2.6;5;1
34;8;2;17;4;5.592;2.918;-2.592;5;1
34;7;2;17;4;5.583;2.874;-2.583;5;1
34;7;2;17;6;5.606;2.864;-2.606;4;1
34;7;2;17;6;5.659;2.868;-2.659;4;1
34;7;2;17;5;5.627;2.884;-2.627;5;1
34;7;2;17;5;5.605;2.865;-2.605;5;1
34;7;2;17;5;5.628;2.869;-2.628;5;1
34;7;2;17;5;5.626;2.883;-2.626;5;1
34;7;2;17;4;5.446;2.907;-2.446;5;1
34;8;2;17;5;5.591;2.908;-2.591;5;1
34;7;2;17;4;5.597;2.891;-2.597;5;1
34;7;2;17;4;5.476;2.904;-2.476;5;1
34;9;2;17;5;5.627;2.919;-2.627;4;1
34;9;2;17;6;5.61;2.919;-2.61;4;1
34;9;2;17;6;5.672;2.92;-2.672;4;1
34;9;2;17;5;5.802;2.919;-2.802;4;1
34;9;2;17;5;5.681;2.919;-2.681;4;1
34;9;2;17;5;5.627;2.921;-2.627;4;1
34;9;2;17;5;5.629;2.921;-2.629;4;1
34;9;2;17;5;5.683;2.921;-2.683;4;1
34;9;2;17;5;5.69;2.921;-2.69;4;1
36;5;3;18;5;5.701;2.458;-2.701;7;0
36;5;3;18;5;5.697;2.458;-2.697;7;0
36;5;3;18;4;5.699;2.453;-2.699;7;0
36;5;3;18;4;5.699;2.453;-2.699;7;0
36;5;3;18;4;5.716;2.458;-2.716;7;0
36;5;3;18;4;5.714;2.458;-2.714;7;0
36;6;3;18;5;5.757;2.458;-2.757;7;0
36;5;3;18;5;5.727;2.291;-2.727;7;0
36;5;3;18;5;5.726;2.912;-2.726;7;0
36;5;3;18;4;5.73;2.453;-2.73;7;0
36;5;3;18;4;5.728;2.454;-2.728;7;0
36;5;3;18;5;5.696;2.458;-2.696;7;0
36;6;3;18;5;5.754;2.458;-2.754;7;0
36;5;3;18;5;5.696;2.28;-2.696;7;0
36;5;3;18;5;5.696;2.452;-2.696;7;0
36;5;3;18;5;5.727;2.453;-2.727;7;0
36;5;3;18;4;5.727;2.454;-2.727;7;0
36;5;3;18;4;5.728;2.454;-2.728;7;0
36;5;3;18;4;5.73;2.454;-2.73;7;0
36;5;3;18;5;5.712;2.458;-2.712;7;0
36;5;3;18;5;5.775;2.458;-2.775;7;0
36;6;3;18;4;5.775;2.458;-2.775;7;0
36;5;3;18;5;5.701;2.459;-2.701;7;0
36;5;3;18;5;5.703;2.454;-2.703;7;0
36;5;3;18;5;5.704;2.454;-2.704;7;0
36;5;3;18;5;5.697;2.459;-2.697;7;0
36;5;3;18;4;5.723;2.459;-2.723;7;0
36;5;3;18;4;5.719;2.459;-2.719;7;0
36;5;3;18;5;5.728;2.453;-2.728;7;0
36;5;3;18;5;5.725;2.453;-2.725;7;0
36;5;3;18;5;5.726;2.453;-2.726;7;0
36;5;3;18;5;5.728;2.454;-2.728;7;0
36;5;3;18;5;5.706;2.452;-2.706;7;0
36;5;3;18;5;5.71;2.452;-2.71;7;0
36;5;3;18;5;5.701;2.453;-2.701;7;0
36;5;3;18;5;5.696;2.452;-2.696;7;0
36;5;3;18;5;5.696;2.452;-2.696;7;0
36;5;3;18;4;5.722;2.454;-2.722;7;0
36;5;3;18;5;5.714;2.454;-2.714;7;0
36;5;3;18;4;5.698;2.453;-2.698;7;0
36;5;3;18;4;5.695;2.452;-2.695;7;0
36;5;3;18;4;5.695;2.452;-2.695;7;0
36;5;3;18;4;5.712;2.453;-2.712;7;0
36;6;3;18;5;5.763;2.452;-2.763;7;0
36;6;3;18;5;5.762;2.452;-2.762;7;0
36;6;3;18;5;5.747;2.455;-2.747;7;0
36;6;3;18;5;5.754;2.452;-2.754;7;0
36;6;3;18;5;5.776;2.452;-2.776;7;0
36;6;3;18;5;5.735;2.454;-2.735;7;0
36;6;3;18;5;5.784;2.454;-2.784;7;0
36;5;3;18;4;5.729;2.449;-2.729;7;0
36;5;3;18;5;5.734;2.449;-2.7234;7;0
36;5;3;18;4;5.731;2.45;-2.731;7;0
36;5;3;18;4;5.727;2.45;-2.727;7;0
36;6;3;18;4;5.757;2.453;-2.751;7;0
36;5;3;18;4;5.734;2.45;-2.734;7;0
36;5;3;18;4;5.729;2.278;-2.729;7;0
36;5;3;18;4;5.726;2.45;-2.726;7;0
36;5;3;18;4;5.728;2.45;-2.728;7;0
36;5;3;18;4;5.739;2.437;-2.739;7;0
36;5;3;18;4;5.759;2.434;-2.759;7;0
36;5;3;18;5;5.737;2.454;-2.737;7;0
36;6;3;18;4;5.757;2.45;-2.757;7;0
36;6;3;18;5;5.776;2.45;-2.776;7;0
36;5;3;18;4;5.758;2.437;-2.758;7;0
36;5;3;18;4;5.74;2.437;-2.74;7;0
36;5;3;18;4;5.702;2.454;-2.702;7;0
36;5;3;18;4;5.706;2.45;-2.706;7;0
36;5;3;18;4;5.709;2.45;-2.701;7;0
36;5;3;18;4;5.699;2.45;-2.699;7;0
36;5;3;18;4;5.699;2.45;-2.699;7;0
36;5;3;18;4;5.734;2.45;-2.734;7;0
36;5;3;18;4;5.729;2.45;-2.729;7;0
36;5;3;18;4;5.727;2.451;-2.727;7;0
36;5;3;18;4;5.732;2.451;-2.732;7;0
36;5;3;18;4;5.701;2.453;-2.701;7;0
36;5;3;18;4;5.701;2.453;-2.701;7;0
36;5;3;18;4;5.67;2.45;-2.67;7;0
36;5;3;18;4;5.67;2.45;-2.67;7;0
36;6;3;18;4;5.757;2.453;-2.757;7;0
36;5;3;18;4;5.729;2.45;-2.729;7;0
36;5;3;18;4;5.734;2.45;-2.734;7;0
36;5;3;18;4;5.728;2.451;-2.728;7;0
36;5;3;18;4;5.726;2.451;-2.726;7;0
36;5;3;18;4;5.739;2.439;-2.739;7;0
36;5;3;18;4;5.76;2.435;-2.76;7;0
36;5;3;18;4;5.746;2.456;-2.746;7;0
36;6;3;18;4;5.763;2.451;-2.763;7;0
36;6;3;18;4;5.763;2.451;-2.763;7;0
36;5;3;18;4;5.74;2.439;-2.74;7;0
36;5;3;18;4;5.8;2.438;-2.8;7;0
36;5;3;18;4;5.799;2.435;-2.799;7;0
36;5;3;18;4;5.723;2.453;-2.723;7;0
36;5;3;18;4;5.718;2.452;-2.718;7;0
36;5;3;18;4;5.719;2.451;-2.719;7;0
36;5;3;18;4;5.716;2.452;-2.716;7;0
36;5;3;18;4;5.74;2.438;-2.74;7;0
36;5;3;18;4;5.741;2.435;-2.741;7;0
36;5;3;18;4;5.761;2.434;-2.761;7;0
36;5;3;18;4;5.742;2.436;-2.742;7;0
36;5;3;18;4;5.742;2.435;-2.742;7;0
36;5;3;18;4;5.759;2.434;-2.759;7;0
36;5;3;18;4;5.777;2.452;-2.777;7;0
36;5;3;18;4;5.776;2.452;-2.776;7;0
36;6;3;18;5;5.758;2.438;-2.758;7;0
36;5;3;18;5;5.8;2.438;-2.8;7;0
36;5;3;18;4;5.801;2.434;-2.801;7;0
36;5;3;18;5;5.785;2.453;-2.785;7;0
36;5;3;18;5;5.724;2.452;-2.724;7;0
36;6;3;18;5;5.724;2.452;-2.724;7;0
36;5;3;18;5;5.73;2.272;-2.73;7;0
36;6;3;18;5;5.779;2.452;-2.779;7;0
36;5;3;18;5;5.78;2.28;-2.78;7;0
36;5;3;18;4;5.73;2.453;-2.73;7;0
36;5;3;18;5;5.78;2.455;-2.78;7;0
36;5;3;18;4;5.725;2.452;-2.725;7;0
36;5;3;18;4;5.725;2.452;-2.725;7;0
36;5;3;18;5;5.729;2.454;-2.729;7;0
36;5;3;18;4;5.73;2.453;-2.73;7;0
36;6;3;18;5;5.814;2.453;-2.814;7;0
36;6;3;18;5;5.812;2.453;-2.812;7;0
36;6;3;18;5;5.784;2.456;-2.784;7;0
36;6;3;18;5;5.841;2.452;-2.841;7;0
36;6;3;18;5;5.781;2.452;-2.781;7;0
36;6;3;18;5;5.779;2.454;-2.779;7;0
36;6;3;18;5;5.814;2.455;-2.814;7;0
36;5;3;18;5;5.74;2.454;-2.74;7;0
36;5;3;18;5;5.781;2.455;-2.71;7;0
36;5;3;18;5;5.74;2.454;-2.74;7;0
36;5;3;18;5;5.74;2.452;-2.74;7;0
36;5;3;18;5;5.74;2.452;-2.74;7;0
36;5;3;18;5;5.739;2.452;-2.739;7;0
36;5;3;18;5;5.74;2.452;-2.74;7;0
36;6;3;18;5;5.78;2.452;-2.78;7;0
36;5;3;18;5;5.782;2.452;-2.782;7;0
36;5;3;18;4;5.74;2.452;-2.74;7;0
36;5;3;18;4;5.74;2.452;-2.74;7;0
36;5;3;18;5;5.739;2.454;-2.739;7;0
36;5;3;18;5;5.74;2.454;-2.74;7;0
36;5;3;18;4;5.74;2.452;-2.74;7;0
36;5;3;18;4;5.74;2.452;-2.74;7;0
36;5;3;18;5;5.773;2.438;-2.773;7;0
36;5;3;18;5;5.783;2.455;-2.783;7;0
36;5;3;18;5;5.773;2.437;-2.773;7;0
36;5;3;18;5;5.794;2.437;-2.794;7;0
36;5;3;18;5;5.794;2.439;-2.794;7;0
36;6;3;18;5;5.814;2.452;-2.814;7;0
36;5;3;18;5;5.786;2.452;-2.786;7;0
36;5;3;18;5;5.772;2.438;-2.772;7;0
36;5;3;18;5;5.794;2.438;-2.794;7;0
36;5;3;18;4;5.794;2.437;-2.794;7;0
36;5;3;18;5;5.745;2.455;-2.745;7;0
36;5;3;18;4;5.736;2.455;-2.736;7;0
36;5;3;18;5;5.745;2.455;-2.745;7;0
36;5;3;18;5;5.744;2.452;-2.744;7;0
36;5;3;18;5;5.745;2.452;-2.745;7;0
36;5;3;18;5;5.744;2.452;-2.744;7;0
36;5;3;18;5;5.745;2.452;-2.745;7;0
36;5;3;18;4;5.732;2.452;-2.732;7;0
36;6;3;18;5;5.732;2.452;-2.732;7;0
36;5;3;18;4;5.745;2.452;-2.745;7;0
36;5;3;18;4;5.745;2.452;-2.745;7;0
36;5;3;18;5;5.744;2.454;-2.744;7;0
36;5;3;18;5;5.744;2.454;-2.744;7;0
36;5;3;18;4;5.745;2.452;-2.745;7;0
36;5;3;18;4;5.745;2.452;-2.745;7;0
36;5;3;18;5;5.735;2.454;-2.735;7;0
36;5;3;18;4;5.732;2.452;-2.732;7;0
36;5;3;18;4;5.732;2.452;-2.732;7;0
36;5;3;18;5;5.753;2.437;-2.753;7;0
36;5;3;18;5;5.733;2.456;-2.733;7;0
36;6;3;18;4;5.799;2.439;-2.799;7;0
36;5;3;18;4;5.753;2.437;-2.753;7;0
36;5;3;18;4;5.799;2.437;-2.799;7;0
36;6;3;18;5;5.789;2.453;-2.789;7;0
36;5;3;18;5;5.741;2.453;-2.741;7;0
36;5;3;18;5;5.799;2.439;-2.799;7;0
36;5;3;18;4;5.799;2.437;-2.799;7;0
36;5;3;18;5;5.727;2.453;-2.727;7;0
36;5;3;18;4;5.73;2.453;-2.73;7;0
36;5;3;18;5;5.734;2.452;-2.734;7;0
36;5;3;18;4;5.73;2.453;-2.73;7;0
36;5;3;18;5;5.726;2.453;-2.726;7;0
36;5;3;18;4;5.73;2.452;-2.73;7;0
36;5;3;18;4;5.727;2.453;-2.727;7;0
36;5;3;18;4;5.727;2.452;-2.727;7;0
36;5;3;18;4;5.73;2.452;-2.73;7;0
36;5;3;18;5;5.757;2.438;-2.757;7;0
36;5;3;18;5;5.757;2.439;-2.757;7;0
36;5;3;18;5;5.752;2.437;-2.752;7;0
36;5;3;18;5;5.75;2.437;-2.75;7;0
36;5;3;18;5;5.758;2.437;-2.758;7;0
36;5;3;18;5;5.752;2.439;-2.752;7;0
36;5;3;18;5;5.752;2.438;-2.752;7;0
36;6;3;18;4;5.758;2.439;-2.758;7;0
36;6;3;18;5;5.78;2.439;-2.78;7;0
36;5;3;18;5;5.78;2.438;-2.78;7;0
36;6;3;18;5;5.754;2.438;-2.754;7;0
36;5;3;18;5;5.784;2.453;-2.784;7;0
36;5;3;18;4;5.733;2.452;-2.732;7;0
36;5;3;18;5;5.75;2.437;-2.75;7;0
36;6;3;18;5;5.67539;2.74255;-2.67539;7;0
36;5;3;18;5;5.74711;2.38643;-2.47411;7;0
36;5;3;18;5;5.73013;2.38649;-2.73013;7;0
36;6;3;18;5;5.68381;2.38803;-2.68381;7;0
36;5;3;18;5;5.67788;2.4057;-2.67788;7;0
36;5;3;18;5;5.68131;2.39962;-2.68131;7;0
36;5;3;18;5;5.72459;2.39989;-2.72459;7;0
36;6;3;18;5;5.70484;2.39272;-2.70484;7;0
36;5;3;18;4;5.73094;2.40258;-2.73094;7;0
36;5;3;18;5;5.73842;2.40437;-2.73842;7;0
36;5;3;18;5;5.70866;2.40724;-2.70866;7;0
36;5;3;18;4;5.71514;2.40549;-2.71514;7;0
36;5;3;18;4;5.70792;2.40739;-2.70792;7;0
36;6;3;18;5;5.66038;2.41783;-2.66038;7;0
36;5;3;18;5;5.65608;2.39708;-2.65608;7;0
36;6;3;18;5;5.67045;2.41812;-2.67045;7;0
36;5;3;18;5;5.73603;2.39964;-2.73603;7;0
36;6;3;18;5;5.68176;2.4013;-2.68176;7;0
36;5;3;18;5;5.74166;2.39646;-2.74166;7;0
36;6;3;18;5;5.71133;2.39015;-2.71133;7;0
36;5;3;18;5;5.73544;2.39176;-2.73544;7;0
36;5;3;18;5;5.6751;2.41611;-2.6751;7;0
36;6;3;18;5;5.68226;2.41609;-2.68226;7;0
36;5;3;18;5;5.65039;2.41697;-2.65039;7;0
36;5;3;18;5;5.70797;2.40078;-2.70797;7;0
36;6;3;18;5;5.74032;2.39533;-2.74032;7;0
36;5;3;18;5;5.67209;2.39496;-2.67209;7;0
36;6;3;18;5;5.73867;2.3904;-2.73867;7;0
36;5;3;18;5;5.67456;2.39457;-2.67456;7;0
36;5;3;18;5;5.63963;2.41509;-2.63963;7;0
36;6;3;18;5;5.65116;2.39362;-2.65116;7;0
36;6;3;18;5;5.61234;2.38766;-2.65597;7;0
36;5;3;18;5;5.72743;2.44084;-2.72743;7;0
36;6;3;18;4;5.71321;2.40043;-2.71321;7;0
36;6;3;18;4;5.71331;2.40885;-2.71331;7;0
36;5;3;18;4;5.70311;2.39935;-2.70311;7;0
36;5;3;18;4;5.67451;2.39555;-2.67451;7;0
36;5;3;18;4;5.70623;2.3954;-2.70623;7;0
36;5;3;18;5;5.66315;2.39981;-2.66315;7;0
36;5;3;18;4;5.68719;2.4013;-2.68719;7;0
36;5;3;18;5;5.71709;2.40454;-2.71709;7;0
36;5;3;18;5;5.69104;2.39914;-2.69104;7;0
36;5;3;18;4;5.69058;2.40013;-2.69058;7;0
36;5;3;18;4;5.65677;2.3977;-2.65677;7;0
36;5;3;18;4;5.67951;2.40214;-2.67951;7;0
36;5;3;18;4;5.708;2.40105;-2.708;7;0
36;6;3;18;5;5.62916;2.39728;-2.62916;7;0
36;6;3;18;4;5.67191;2.39735;-2.67191;7;0
36;6;3;18;4;5.73934;2.39663;-2.73934;7;0
36;6;3;18;5;5.69145;2.77624;-2.69145;5;1
36;6;3;18;5;5.6508;2.77124;-2.6508;5;1
36;7;3;18;5;5.64393;2.77325;-2.64393;5;1
36;6;3;18;5;5.68599;2.77081;-2.68599;5;1
36;7;3;18;5;5.69558;2.76817;-2.69558;5;1
36;7;3;18;5;5.65431;2.70914;-2.65431;5;1
36;6;3;18;5;5.68336;2.71811;-2.68336;5;1
36;7;3;18;5;5.71895;2.71579;-2.71895;5;1
36;6;3;18;5;5.64295;2.69634;-2.64295;5;1
36;6;3;18;5;5.61272;2.69618;-2.61272;5;1
36;6;3;18;5;5.65761;2.69098;-2.65761;5;1
36;6;3;18;5;5.72066;2.71457;-2.72066;5;1
36;6;3;18;5;5.71348;2.67904;-2.71348;5;1
36;6;3;18;5;5.65768;2.69462;-2.65768;5;1
36;6;3;18;5;5.66448;2.69041;-2.66448;5;1
36;6;3;18;5;5.72047;2.68827;-2.72047;5;1
36;6;3;18;5;5.6737;2.69974;-2.6737;5;1
36;6;3;18;5;5.65889;2.67991;-2.65889;5;1
36;6;3;18;5;5.64888;2.67876;-2.64888;5;1
36;6;3;18;5;5.68133;2.6997;-2.68133;5;1
36;6;3;18;5;5.71907;2.67808;-2.71907;5;1
36;6;3;18;5;5.80466;2.69934;-2.80466;5;1
36;6;3;18;5;5.62997;2.68688;-2.62997;5;1
36;6;3;18;5;5.68403;2.70169;-2.68403;5;1
36;7;3;18;5;5.68172;2.70099;-2.68172;5;1
36;6;3;18;5;5.68853;2.69904;-2.68853;5;1
36;6;3;18;5;5.68735;2.70003;-2.68735;5;1
36;6;3;18;5;5.6551;2.68371;-2.6551;5;1
36;6;3;18;5;5.69544;2.71584;-2.69544;5;1
36;7;3;18;5;5.68508;2.71678;-2.68508;5;1
36;7;3;18;5;5.71938;2.73368;-2.71938;5;1
36;6;3;18;5;5.69413;2.7128;-2.69413;5;1
36;6;3;18;5;5.65417;2.72744;-2.65417;5;1
36;7;3;18;5;5.67632;2.7281;-2.67632;5;1
36;7;3;18;5;5.73078;2.73905;-2.73078;5;1
36;6;3;18;5;5.62699;2.7285;-2.62699;5;1
36;7;3;18;5;5.72411;2.74251;-2.72411;5;1
36;6;3;18;5;5.71943;2.7315;-2.71943;5;1
36;6;3;18;5;5.54933;2.71261;-2.54493;5;1
36;6;3;18;5;5.6982;2.72609;-2.6982;5;1
36;6;3;18;5;5.7139;2.73774;-2.7139;5;1
36;6;3;18;5;5.72205;2.72668;-2.72205;5;1
36;7;3;18;5;5.67972;2.74204;-2.67972;5;1
36;6;3;18;5;5.61003;2.72534;-2.61003;5;1
36;6;3;18;5;5.5688;2.72567;-2.5688;5;1
36;6;3;18;5;5.58315;2.73534;-2.58315;5;1
36;7;3;18;5;5.61022;2.74086;-2.61022;5;1
36;6;3;18;5;5.66976;2.73868;-2.66976;5;1
36;6;3;18;5;5.63246;2.73901;-2.63246;5;1
36;7;3;18;5;5.6754;2.73922;-2.6754;5;1
36;6;3;18;5;5.60856;2.73492;-2.60856;5;1
36;7;3;18;5;5.75321;2.7386;-2.75321;5;1
36;7;3;18;5;5.67031;2.74064;-2.67031;5;1
36;7;3;18;5;5.63325;2.7399;-2.63325;5;1
36;6;3;18;5;5.73607;2.73949;-2.73607;5;1
36;6;3;18;5;5.67176;2.73759;-2.67176;5;1
36;6;3;18;5;5.71613;2.73585;-2.71613;5;1
36;6;3;18;5;5.62175;2.73801;-2.62175;5;1
36;6;3;18;5;5.54794;2.7349;-2.54794;5;1
36;6;3;18;5;5.60882;2.73145;-2.60882;5;1
36;6;3;18;5;5.74054;2.73531;-2.74054;5;1
36;7;3;18;5;5.63032;2.7364;-2.63032;5;1
36;7;3;18;5;5.57292;2.73745;-2.57292;5;1
36;6;3;18;5;5.64203;2.7365;-2.64203;5;1
36;6;3;18;5;5.61526;2.73499;-2.61526;5;1
36;7;3;18;5;5.64589;2.73834;-2.64589;5;1
36;6;3;18;5;5.71478;2.73426;-2.71478;5;1
36;6;3;18;4;5.56554;2.73278;-2.56554;5;1
36;6;3;18;5;5.71493;2.73136;-2.71493;5;1
36;6;3;18;5;5.69465;2.73172;-2.69465;5;1
36;6;3;18;5;5.69093;2.73021;-2.69093;5;1
36;6;3;18;5;5.71685;2.72769;-2.71685;5;1
36;6;3;18;5;5.59188;2.71252;-2.59188;5;1
36;6;3;18;5;5.64464;2.73195;-2.64464;5;1
36;7;3;18;5;5.62332;2.74257;-2.62332;5;1
36;6;3;18;5;5.66222;2.74295;-2.66222;5;1
36;6;3;18;4;5.61733;2.75557;-2.61733;5;1
36;7;3;18;5;5.61234;2.7442;-2.61234;5;1
36;7;3;18;5;5.65045;2.74525;-2.65045;5;1
36;6;3;18;5;5.68298;2.734;-2.68298;5;1
36;6;3;18;4;5.67771;2.72958;-2.67771;5;1
36;6;3;18;4;5.689;2.7308;-2.689;5;1
36;6;3;18;4;5.61322;2.73121;-2.61322;5;1
36;6;3;18;4;5.65288;2.73303;-2.65288;5;1
36;6;3;18;5;5.62712;2.73012;-2.62712;5;1
36;7;3;18;5;5.63274;2.73137;-2.63274;5;1
36;7;3;18;5;5.67118;2.7316;-2.67118;5;1
36;6;3;18;5;5.66267;2.70305;-2.66267;5;1
36;6;3;18;5;5.66526;2.73016;-2.66526;5;1
36;7;3;18;5;5.64727;2.73319;-2.64727;5;1
36;7;3;18;4;5.66527;2.73414;-2.66527;5;1
36;7;3;18;5;5.66501;2.73075;-2.66501;5;1
36;6;3;18;5;5.6966;2.72615;-2.6966;5;1
36;7;3;18;5;5.7045;2.75728;-2.7045;5;1
36;6;3;18;5;5.70049;2.72752;-2.70049;5;1
36;6;3;18;5;5.63872;2.71529;-2.63872;5;1
36;6;3;18;5;5.57734;2.73748;-2.57734;5;1
36;6;3;18;5;5.64844;2.72304;-2.64844;5;1
36;6;3;18;5;5.62277;2.73248;-2.62277;5;1
36;6;3;18;5;5.59236;2.71573;-2.59236;5;1
36;6;3;18;5;5.57077;2.73756;-2.57077;5;1
36;7;3;18;5;5.63002;2.72301;-2.63002;5;1
36;6;3;18;5;5.61088;2.73267;-2.61088;5;1
36;6;3;18;5;5.68236;2.74091;-2.68236;5;1
36;7;3;18;6;5.414;2.762;-2.414;5;1
36;6;3;18;5;5.66;2.59;-2.66;5;1
36;6;3;18;5;5.592;2.59;-2.592;5;1
36;6;3;18;5;5.543;2.523;-2.543;5;1
36;6;3;18;5;5.614;2.577;-2.614;5;1
36;6;3;18;5;5.578;2.549;-2.578;5;1
36;5;3;18;5;5.611;2.584;-2.611;5;1
36;5;3;18;5;5.58;2.55;-2.58;5;1
36;6;3;18;5;5.71;2.565;-2.71;5;1
36;6;3;18;5;5.682;2.565;-2.682;5;1
36;6;3;18;5;5.65;2.565;-2.65;5;1
36;6;3;18;5;5.628;2.583;-2.628;5;1
36;6;3;18;5;5.616;2.577;-2.616;5;1
36;6;3;18;5;5.608;2.583;-2.608;5;1
36;6;3;18;5;5.644;2.565;-2.644;5;1
36;6;3;18;5;5.612;2.586;-2.612;5;1
36;5;3;18;5;5.615;2.579;-2.615;5;1
36;6;3;18;5;5.631;2.565;-2.631;5;1
36;6;3;18;5;5.671;2.565;-2.671;5;1
36;6;3;18;5;5.611;2.583;-2.611;5;1
36;6;3;18;5;5.611;2.523;-2.611;5;1
36;5;3;18;5;5.57;2.541;-2.57;5;1
36;6;3;18;5;5.54;2.54;-2.54;5;1
36;6;3;18;5;5.705;2.565;-2.705;5;1
36;6;3;18;5;5.642;2.52;-2.642;5;1
36;6;3;18;5;5.716;2.565;-2.716;5;1
36;6;3;18;5;5.569;2.566;-2.569;5;1
36;6;3;18;5;5.668;2.566;-2.668;5;1
36;6;3;18;5;5.597;2.565;-2.597;5;1
36;6;3;18;5;5.602;2.523;-2.602;5;1
36;6;3;18;5;5.667;2.565;-2.667;5;1
36;6;3;18;5;5.677;2.566;-2.677;5;1
36;6;3;18;5;5.702;2.566;-2.702;5;1
36;6;3;18;5;5.611;2.566;-2.611;5;1
36;6;3;18;5;5.629;2.523;-2.629;5;1
36;6;3;18;5;5.659;2.583;-2.659;5;1
36;6;3;18;5;5.563;2.549;-2.563;5;1
36;6;3;18;5;5.656;2.52;-2.656;5;1
36;6;3;18;5;5.66;2.578;-2.66;5;1
36;5;3;18;5;5.597;2.549;-2.597;5;1
36;6;3;18;5;5.602;2.59;-2.602;5;1
36;6;3;18;5;5.661;2.586;-2.661;5;1
36;6;3;18;5;5.626;2.566;-2.626;5;1
36;5;3;18;5;5.632;2.583;-2.632;5;1
36;5;3;18;5;5.635;2.59;-2.635;5;1
36;7;3;18;4;5.586;2.75;-2.586;5;1
36;7;3;18;5;5.574;2.775;-2.574;5;1
36;7;3;18;5;5.624;2.77;-2.624;5;1
36;7;3;18;5;5.574;2.775;-2.574;5;1
36;7;3;18;5;5.618;2.789;-2.618;5;1
36;7;3;18;4;5.586;2.771;-2.586;5;1
36;7;3;18;5;5.624;2.803;-2.624;5;1
36;7;3;18;5;5.557;2.784;-2.557;5;1
36;8;3;18;5;5.487;2.786;-2.487;5;1
36;7;3;18;5;5.581;2.763;-2.581;5;1
36;6;3;18;4;5.542;2.759;-2.542;5;1
36;7;3;18;5;5.569;2.776;-2.569;5;1
36;7;3;18;5;5.578;2.792;-2.578;5;1
36;8;3;18;6;5.61;2.778;-2.61;5;1
36;8;3;18;5;5.562;2.783;-2.562;5;1
36;7;3;18;4;5.599;2.776;-2.599;5;1
36;7;3;18;4;5.596;2.762;-2.596;5;1
36;6;3;18;4;5.599;2.74;-2.599;5;1
36;6;3;18;4;5.588;2.76;-2.588;5;1
36;6;3;18;4;5.532;2.773;-2.532;5;1
36;6;3;18;5;5.554;2.762;-2.554;5;1
36;7;3;18;5;5.553;2.793;-2.553;5;1
36;6;3;18;5;5.487;2.701;-2.487;5;1
36;6;3;18;5;5.546;2.784;-2.546;5;1
36;7;3;18;4;5.578;2.775;-2.578;5;1
36;6;3;18;5;5.581;2.742;-2.581;5;1
36;6;3;18;5;5.523;2.737;-2.523;5;1
36;6;3;18;5;5.49;2.792;-2.49;5;1
36;6;3;18;5;5.564;2.736;-2.564;5;1
36;7;3;18;5;5.647;2.724;-2.647;5;1
36;7;3;18;5;5.579;2.764;-2.579;5;1
36;7;3;18;5;5.542;2.781;-2.542;5;1
36;6;3;18;5;5.562;2.727;-2.562;5;1
36;7;3;18;5;5.54;2.804;-2.54;5;1
36;7;3;18;5;5.582;2.768;-2.582;5;1
36;6;3;18;5;5.51;2.701;-2.51;5;1
36;7;3;18;5;5.61;2.758;-2.61;5;1
36;7;3;18;5;5.645;2.713;-2.645;5;1
36;6;3;18;5;5.539;2.711;-2.539;5;1
36;6;3;18;5;5.546;2.75;-2.546;5;1
36;7;3;18;5;5.578;2.754;-2.578;5;1
36;7;3;18;5;5.555;2.749;-2.555;5;1
36;6;3;18;5;5.617;2.72;-2.617;5;1
36;7;3;18;5;5.607;2.792;-2.607;5;1
36;7;3;18;5;5.589;2.771;-2.589;5;1
36;7;3;18;5;5.607;2.765;-2.607;5;1
36;7;3;18;5;5.614;2.782;-2.614;5;1
36;7;3;18;5;5.543;2.756;-2.543;5;1
36;7;3;18;5;5.615;2.779;-2.615;5;1
36;7;3;18;5;5.648;2.759;-2.648;5;1
36;7;3;18;5;5.623;2.735;-2.623;5;1
36;7;3;18;5;5.646;2.749;-2.646;5;1
36;6;3;18;5;5.585;2.705;-2.585;5;1
36;7;3;18;5;5.623;2.717;-2.623;5;1
36;6;3;18;5;5.547;2.708;-2.547;5;1
36;7;3;18;5;5.553;2.711;-2.553;5;1
36;7;3;18;5;5.56;2.761;-2.56;5;1
36;7;3;18;5;5.65;2.738;-2.65;5;1
36;7;3;18;5;5.612;2.575;-2.612;5;1
36;7;3;18;5;5.607;2.732;-2.607;5;1
36;7;3;18;5;5.551;2.729;-2.551;5;1
36;7;3;18;5;5.622;2.744;-2.622;5;1
36;7;3;18;5;5.608;2.737;-2.608;5;1
36;6;3;18;5;5.564;2.725;-2.564;5;1
36;7;3;18;5;5.571;2.72;-2.571;5;1
36;7;3;18;5;5.612;2.72;-2.612;5;1
36;6;3;18;5;5.563;2.742;-2.563;5;1
36;6;3;18;5;5.502;2.771;-2.502;5;1
36;7;3;18;5;5.587;2.74;-2.587;5;1
36;7;3;18;5;5.583;2.753;-2.583;5;1
36;7;3;18;5;5.554;2.742;-2.554;5;1
36;7;3;18;5;5.57;2.762;-2.57;5;1
36;7;3;18;5;5.558;2.736;-2.558;5;1
36;7;3;18;5;5.613;2.769;-2.613;5;1
36;6;3;18;5;5.585;2.761;-2.585;5;1
36;6;3;18;5;5.55;2.769;-2.55;5;1
36;6;3;18;5;5.49;2.777;-2.49;5;1
36;7;3;18;5;5.562;2.78;-2.562;5;1
36;7;3;18;5;5.572;2.756;-2.572;5;1
36;6;3;18;5;5.584;2.753;-2.584;5;1
36;7;3;18;5;5.501;2.798;-2.501;5;1
36;6;3;18;5;5.565;2.747;-2.565;5;1
36;6;3;18;5;5.615;2.705;-2.615;5;1
36;6;3;18;5;5.547;2.726;-2.547;5;1
36;7;3;18;5;5.623;2.743;-2.623;5;1
36;7;3;18;5;5.54;2.786;-2.54;5;1
36;7;3;18;5;5.579;2.726;-2.579;5;1
36;6;3;18;5;5.561;2.718;-2.561;5;1
36;7;3;18;5;5.608;2.723;-2.608;5;1
36;7;3;18;5;5.569;2.711;-2.569;5;1
36;6;3;18;5;5.598;2.735;-2.598;5;1
36;6;3;18;5;5.645;2.712;-2.645;5;1
36;7;3;18;5;5.584;2.8;-2.584;5;1
36;6;3;18;5;5.546;2.762;-2.546;5;1
36;6;3;18;5;5.576;2.742;-2.576;5;1
36;6;3;18;5;5.491;2.746;-2.491;5;1
36;7;3;18;5;5.561;2.768;-2.561;5;1
36;7;3;18;5;5.581;2.765;-2.581;5;1
36;7;3;18;5;5.571;2.728;-2.571;5;1
36;7;3;18;5;5.587;2.771;-2.587;5;1
36;7;3;18;5;5.563;2.782;-2.563;5;1
